feature0,feature1,feature2,feature3,feature4,output
0.3852,14.24,-1.479,201.40,0.975,0
0.0845,17.94,-1.921,296.12,1.067,0
0.6275,28.33,-1.992,424.76,4.173,1
0.2540,34.71,-1.942,6704.11,4.609,1
0.3362,17.01,-1.921,193.40,4.843,0
0.7837,38.63,-1.323,125.43,0.560,1
0.4314,26.97,-1.155,2158.26,4.856,1
0.1132,38.04,-1.208,191.70,0.629,1
0.0643,15.03,-1.563,213.70,2.926,0
0.5588,36.38,-1.956,113.13,4.625,1
0.5565,15.67,-1.147,216.02,0.854,0
0.4200,33.01,-1.472,138.50,2.699,1
0.7493,7.58,-1.544,1630.32,2.385,1
0.6985,22.59,-1.103,155.12,4.989,0
0.2045,31.29,-1.520,259.25,2.638,1
0.8593,15.18,-1.322,222.28,0.757,0
0.3276,8.42,-1.592,355.98,0.588,0
0.1019,21.28,-1.468,307.46,4.988,0
0.2368,27.90,-1.916,769.75,1.534,1
0.5056,10.56,-1.472,104.37,3.400,0
0.9907,25.84,-1.951,238.20,4.431,1
0.5108,19.29,-1.101,138.91,1.654,0
0.7197,38.33,-1.976,105.12,2.760,1
0.1768,18.56,-1.303,322.79,0.030,0
0.8381,14.84,-1.956,141.81,4.210,0
0.7701,34.95,-1.739,768.69,0.274,1
0.1112,3.20,-1.684,295.37,1.948,0
0.5681,34.97,-1.070,672.20,2.549,1
0.1237,13.33,-1.110,139.49,3.877,0
0.4757,38.84,-1.721,137.03,1.221,1
0.0741,12.16,-1.769,406.96,4.896,0
0.6294,18.91,-1.159,217.41,1.552,0
0.6617,38.34,-1.635,168.33,4.356,1
0.6810,17.18,-1.619,571.48,3.429,1
0.7225,41.03,-1.406,180.21,1.211,1
0.7968,2.27,-1.206,234.13,3.185,0
0.7362,1.59,-1.327,139.83,4.693,0
0.5626,2.01,-1.344,200.46,2.953,0
0.0957,4.75,-1.409,173.10,4.062,0
0.2408,40.26,-1.438,154.16,1.032,1
0.2891,16.46,-1.396,734.66,2.195,1
0.0714,41.88,-1.680,145.52,3.691,1
0.7840,33.15,-1.466,300.89,0.718,1
0.2502,6.59,-1.180,127.80,2.677,0
0.2570,1.44,-1.510,173.42,2.415,0
0.6332,12.02,-1.006,118.46,0.470,0
0.9327,0.94,-1.592,150.32,1.701,0
0.2373,10.90,-1.221,643.06,2.865,0
0.6724,26.20,-1.774,648.24,2.777,1
0.9054,39.21,-1.314,190.33,2.412,1
0.2931,34.65,-1.984,3879.50,0.392,1
0.6175,13.72,-1.518,100.32,4.522,0
0.5455,27.51,-1.628,259.67,4.850,1
0.4448,29.23,-1.667,155.87,1.670,1
0.6025,21.42,-1.829,117.89,4.625,0
0.9966,17.11,-1.633,136.87,0.220,0
0.6085,13.41,-1.838,520.54,4.850,1
0.8954,26.06,-1.747,315.08,4.404,1
0.3325,4.34,-1.275,2134.74,2.393,1
0.6791,20.67,-1.274,497.89,0.085,1
0.7134,13.34,-1.705,126.12,4.682,0
0.9681,17.75,-1.384,439.95,2.113,1
0.7682,21.36,-1.833,1150.72,0.062,1
0.5019,26.05,-1.417,126.80,2.546,0
0.0508,3.08,-1.457,267.03,1.976,0
0.0502,8.34,-1.646,445.03,2.260,0
0.4526,32.20,-1.858,216.69,3.611,1
0.3927,3.70,-1.670,753.66,1.770,1
0.3847,12.93,-1.481,246.89,1.871,0
0.7564,5.95,-1.475,188.52,2.457,0
0.2639,14.79,-1.444,585.53,1.263,0
0.8538,2.73,-1.798,177.19,0.108,0
0.1809,36.75,-1.551,355.61,1.002,1
0.1132,31.10,-1.786,282.83,2.349,1
0.7812,40.09,-1.191,102.01,4.569,1
0.7807,17.90,-1.709,232.64,0.388,0
0.8505,3.15,-1.570,130.79,0.012,0
0.3553,16.74,-1.481,172.49,1.738,0
0.1364,24.96,-1.649,122.60,4.397,0
0.6391,12.21,-1.681,534.30,1.428,1
0.3239,17.62,-1.569,310.55,0.163,0
0.5031,22.80,-1.967,1227.33,2.409,1
0.2528,10.72,-1.048,155.67,3.555,0
0.0435,24.03,-1.133,185.96,0.712,0
0.8268,39.88,-1.737,1931.70,2.067,1
0.9913,2.59,-1.521,357.17,4.585,0
0.2243,17.96,-1.984,174.66,3.707,0
0.2087,34.97,-1.921,113.47,0.775,1
0.0375,32.58,-1.153,284.80,0.353,1
0.6220,14.78,-1.125,122.04,1.949,0
0.6048,3.75,-1.200,134.38,1.107,0
0.5768,36.49,-1.885,1514.64,0.488,1
0.7712,19.24,-1.642,116.14,2.119,0
0.0270,14.34,-1.350,166.06,1.661,0
0.5439,29.01,-1.357,137.80,3.152,1
0.1645,31.65,-1.187,133.54,4.070,1
0.9585,8.69,-1.735,196.20,4.345,0
0.6426,25.35,-1.355,102.19,2.886,0
0.0325,27.19,-1.836,123.04,1.180,0
0.8164,21.11,-1.947,148.14,4.395,0
0.9661,27.91,-1.160,149.59,1.071,1
0.9215,3.48,-1.193,171.76,3.918,0
0.0005,29.35,-1.092,165.37,4.002,1
0.6068,6.21,-1.683,118.67,2.839,0
0.2371,8.26,-1.544,187.20,0.007,0
0.1390,0.37,-1.274,616.71,4.112,0
0.6495,10.01,-1.864,148.00,1.601,0
0.0873,31.86,-1.191,121.30,0.714,1
0.8257,8.69,-1.128,117.18,0.447,0
0.6845,12.25,-1.192,129.47,2.473,0
0.1955,16.38,-1.737,101.32,4.113,0
0.9417,36.53,-1.728,205.59,2.097,1
0.6424,41.24,-1.247,5138.70,4.786,1
0.1735,2.91,-1.934,117.60,4.946,0
0.1464,6.99,-1.041,107.80,2.655,0
0.8832,35.93,-1.635,103.52,4.703,1
0.1329,40.42,-1.130,258.38,4.693,1
0.0621,4.00,-1.030,2479.65,2.164,1
0.3484,21.95,-1.916,193.83,0.853,0
0.3011,0.50,-1.977,2093.31,4.284,1
0.6710,6.01,-1.216,267.20,4.999,0
0.7032,14.78,-1.238,1007.14,3.633,1
0.2934,20.86,-1.572,290.48,3.909,0
0.2516,21.34,-1.244,8032.04,3.943,1
0.1643,21.53,-1.673,181.07,3.658,0
0.9422,25.33,-1.051,116.24,3.126,0
0.6037,38.35,-1.289,321.44,0.906,1
0.8742,37.82,-1.764,160.36,2.639,1
0.2397,2.13,-1.136,218.44,4.725,0
0.4194,25.54,-1.545,4336.48,3.369,1
0.1810,13.62,-1.616,2240.61,0.608,1
0.2101,25.68,-1.146,606.97,2.143,1
0.9093,35.09,-1.855,326.03,3.150,1
0.7189,15.34,-1.972,203.86,0.919,0
0.2415,39.99,-1.394,511.11,1.413,1
0.7033,26.37,-1.861,292.14,3.635,1
0.7954,9.30,-1.455,736.97,0.321,1
0.3835,2.70,-1.929,1283.70,4.509,1
0.3436,17.25,-1.859,220.81,2.253,0
0.3705,28.87,-1.925,232.90,4.181,1
0.8411,37.81,-1.393,652.60,2.735,1
0.6029,16.54,-1.985,146.64,2.057,0
0.5622,37.33,-1.928,460.73,3.195,1
0.7423,16.39,-1.639,413.89,4.361,1
0.9237,37.08,-1.880,411.18,2.850,1
0.0719,19.87,-1.279,238.77,2.919,0
0.1596,12.57,-1.071,278.10,2.200,0
0.1960,41.82,-1.351,245.07,1.357,1
0.9461,3.81,-1.597,158.55,1.184,0
0.1172,39.88,-1.839,123.09,2.987,1
0.4638,25.98,-1.745,258.40,3.007,1
0.2310,6.44,-1.414,107.73,1.974,0
0.7883,12.59,-1.928,143.99,1.966,0
0.6941,31.49,-1.191,117.97,0.664,1
0.1737,11.48,-1.312,157.74,3.383,0
0.5667,18.68,-1.706,521.62,2.133,1
0.9687,26.54,-1.668,126.78,1.230,0
0.2659,23.08,-1.227,169.21,1.836,0
0.9826,40.56,-1.636,122.54,3.063,1
0.6845,17.34,-1.466,209.82,3.599,0
0.9839,27.67,-1.243,137.78,1.023,1
0.8969,11.86,-1.362,816.76,1.457,1
0.2353,32.43,-1.220,258.12,1.508,1
0.5808,29.65,-1.578,226.81,4.858,1
0.0796,18.84,-1.407,385.85,1.551,0
0.1138,38.25,-1.539,137.52,3.496,1
0.3154,29.29,-1.656,149.49,2.298,1
0.0488,2.85,-1.021,365.12,1.315,0
0.6328,23.83,-1.159,195.63,4.462,0
0.2174,10.12,-1.920,154.53,4.583,0
0.5976,5.23,-1.531,156.35,3.310,0
0.7652,7.03,-1.768,101.59,0.228,0
0.4228,5.34,-1.199,126.96,0.127,0
0.7669,32.55,-1.822,478.63,4.862,1
0.0940,31.78,-1.565,162.27,0.088,1
0.8236,28.67,-1.178,130.23,3.091,1
0.8101,19.42,-1.758,156.56,4.754,0
0.8988,19.97,-1.898,123.17,2.220,0
0.3722,30.15,-1.755,127.04,3.731,1
0.1232,26.41,-1.691,192.98,2.488,0
0.2502,38.29,-1.876,294.76,4.394,1
0.9898,35.00,-1.507,1180.30,3.291,1
0.9312,19.13,-1.666,141.18,4.404,0
0.2034,27.28,-1.571,307.49,1.817,1
0.6261,20.39,-1.383,537.63,2.419,1
0.9328,34.78,-1.802,198.83,1.360,1
0.9830,40.33,-1.683,234.45,2.104,1
0.6934,36.90,-1.415,421.19,4.631,1
0.5990,38.01,-1.819,710.42,4.843,1
0.9500,8.34,-1.239,111.90,2.589,0
0.5064,25.75,-1.080,118.07,2.617,0
0.5366,1.13,-1.250,152.25,0.799,0
0.5514,25.95,-1.345,261.69,3.942,1
0.4401,39.69,-1.964,181.24,2.762,1
0.5151,27.52,-1.136,301.71,3.705,1
0.5473,22.90,-1.212,207.49,4.096,0
0.7211,37.98,-1.392,366.80,4.990,1
0.8264,5.83,-1.875,721.85,2.113,1
0.7135,36.96,-1.256,355.72,4.441,1
0.6545,2.93,-1.072,193.23,0.347,0
0.8139,5.64,-1.303,1040.86,3.575,1
0.7540,38.60,-1.144,699.76,0.647,1
0.1022,27.18,-1.118,157.37,4.256,0
0.4001,36.75,-1.278,137.16,1.720,1
0.7190,22.89,-1.578,148.17,1.854,0
0.2710,1.09,-1.477,224.20,0.781,0
0.6369,30.84,-1.261,124.68,2.716,1
0.8703,30.37,-1.586,157.03,1.341,1
0.9515,28.14,-1.558,156.67,1.357,1
0.8195,14.49,-1.562,222.03,3.046,0
0.7474,35.85,-1.313,191.95,1.241,1
0.2602,13.53,-1.984,194.37,2.945,0
0.0979,28.55,-1.414,147.17,2.382,1
0.9618,29.61,-1.876,323.64,4.069,1
0.3778,37.40,-1.132,177.48,4.021,1
0.6990,25.10,-1.190,1133.79,2.896,1
0.8515,19.09,-1.217,162.76,0.846,0
0.7719,26.06,-1.323,4583.02,4.026,1
0.2220,1.95,-1.564,103.62,2.115,0
0.7951,4.26,-1.816,878.05,1.539,1
0.1885,7.02,-1.581,231.17,2.450,0
0.7342,31.36,-1.133,180.24,3.314,1
0.9994,4.48,-1.348,142.18,2.329,0
0.6000,8.30,-1.074,180.65,2.510,0
0.8596,21.52,-1.983,122.01,1.382,0
0.8065,24.09,-1.928,147.09,0.206,0
0.9371,41.83,-1.774,291.59,0.776,1
0.3373,4.00,-1.880,1489.32,2.331,1
0.6493,20.91,-1.256,121.94,1.383,0
0.0313,11.87,-1.968,106.95,2.878,0
0.1108,26.52,-1.206,520.85,0.183,1
0.2906,17.60,-1.196,525.97,3.331,1
0.7896,37.06,-1.040,243.23,0.887,1
0.7056,31.43,-1.326,104.08,0.280,1
0.9313,35.34,-1.394,106.35,4.878,1
0.7072,32.01,-1.607,114.01,0.719,1
0.5052,39.14,-1.086,131.64,1.120,1
0.6596,16.32,-1.973,208.30,2.004,0
0.8579,32.56,-1.639,171.44,3.114,1
0.4344,24.79,-1.315,1767.05,4.397,1
0.9168,6.51,-1.259,117.89,1.510,0
0.6327,39.20,-1.694,278.20,2.464,1
0.3713,33.58,-1.405,148.28,2.840,1
0.2786,39.37,-1.055,215.04,2.939,1
0.4281,3.07,-1.879,102.80,0.466,0
0.0885,9.02,-1.204,194.50,4.413,0
0.3434,14.62,-1.786,168.36,4.270,0
0.7531,23.94,-1.841,326.92,1.010,1
0.2864,36.95,-1.715,296.91,1.643,1
0.0600,31.98,-1.911,111.11,1.080,1
0.2071,24.19,-1.472,173.72,0.658,0
0.9624,28.32,-1.932,465.73,2.379,1
0.2185,2.50,-1.375,166.83,1.066,0
0.7834,13.69,-1.458,210.72,4.975,0
0.7425,39.83,-1.335,145.50,2.482,1
0.8633,28.55,-1.009,166.32,3.604,1
0.9190,26.95,-1.242,130.24,4.089,1
0.9406,19.56,-1.408,124.62,4.706,0
0.8789,3.92,-1.688,120.49,4.843,0
0.0341,21.74,-1.237,145.48,3.408,0
0.6934,33.20,-1.203,370.88,3.027,1
0.3086,40.17,-1.316,107.49,4.015,1
0.6358,14.44,-1.454,1153.11,3.244,1
0.3892,20.19,-1.643,216.08,4.733,0
0.7458,36.12,-1.503,258.08,1.422,1
0.4901,5.14,-1.861,378.49,4.582,0
0.2188,16.67,-1.067,231.26,4.114,0
0.9816,35.95,-1.150,294.75,0.495,1
0.4389,36.54,-1.873,202.35,4.344,1
0.1899,5.71,-1.774,225.39,1.059,0
0.3287,18.17,-1.833,111.69,3.317,0
0.1514,28.31,-1.520,199.34,0.069,1
0.3547,25.52,-1.808,145.52,0.828,0
0.1894,40.41,-1.907,159.72,3.224,1
0.9418,35.83,-1.716,132.62,3.671,1
0.7983,10.34,-1.562,121.37,1.625,0
0.1333,8.06,-1.419,204.61,4.531,0
0.7743,37.61,-1.043,585.88,1.107,1
0.1759,21.83,-1.147,405.44,0.946,0
0.4832,26.70,-1.094,133.58,0.541,0
0.8805,0.22,-1.667,396.63,1.954,0
0.8732,24.52,-1.851,226.04,4.429,1
0.3713,0.20,-1.345,175.16,2.147,0
0.3975,35.88,-1.374,140.56,1.240,1
0.3989,14.29,-1.037,126.01,4.137,0
0.5755,0.34,-1.828,291.14,2.732,0
0.1810,37.90,-1.971,150.77,4.895,1
0.9753,15.23,-1.100,187.15,3.972,0
0.6194,41.37,-1.789,179.80,2.553,1
0.0173,6.32,-1.047,444.56,2.113,0
0.2937,29.09,-1.534,279.41,2.608,1
0.0745,17.20,-1.461,141.53,4.245,0
0.3885,9.76,-1.828,329.42,3.033,0
0.8433,40.88,-1.180,3299.43,3.581,1
0.3917,41.84,-1.944,2088.44,1.793,1
0.1982,35.48,-1.284,159.19,0.872,1
0.2019,20.25,-1.038,106.18,2.965,0
0.5871,37.83,-1.416,113.65,1.673,1
0.0853,13.10,-1.934,111.49,0.163,0
0.1911,13.10,-1.930,143.37,3.801,0
0.5645,28.66,-1.507,175.43,1.654,1
0.3450,8.49,-1.727,122.39,0.089,0
0.8582,20.90,-1.725,101.63,2.491,0
0.2059,5.61,-1.290,168.72,0.247,0
0.4050,14.70,-1.543,365.78,1.715,0
0.0618,23.44,-1.288,930.85,3.826,1
0.5081,13.10,-1.303,199.70,0.069,0
0.5091,33.31,-1.072,459.67,1.927,1
0.3768,33.80,-1.674,204.30,0.583,1
0.5977,25.50,-1.865,327.84,4.476,1
0.1763,13.24,-1.039,369.85,4.421,0
0.8682,26.44,-1.446,178.35,2.556,1
0.9352,23.07,-1.970,81412.62,0.755,1
0.4964,19.66,-1.527,352.12,2.095,0
0.8170,12.87,-1.063,248.10,1.401,0
0.8483,11.36,-1.116,656.90,3.164,1
0.7975,18.56,-1.012,134.93,0.160,0
0.0393,2.49,-1.242,175.64,3.345,0
0.8831,10.86,-1.844,115.30,3.176,0
0.3353,14.80,-1.980,112.08,3.197,0
0.7659,17.51,-1.669,159.69,0.158,0
0.7360,23.06,-1.634,167.87,1.400,0
0.0741,16.96,-1.788,863.70,2.648,1
0.9948,12.27,-1.714,129.43,2.794,0
0.9182,1.45,-1.505,170.31,3.004,0
0.8760,17.34,-1.589,102.79,3.439,0
0.2264,30.57,-1.425,147.59,2.768,1
0.1842,9.29,-1.912,239.29,1.157,0
0.8599,2.51,-1.182,124.73,3.270,0
0.1447,16.14,-1.273,225.53,1.444,0
0.8150,26.24,-1.779,124.36,1.831,0
0.0354,30.01,-1.749,233.51,2.379,1
0.0684,25.81,-1.548,111.21,3.631,0
0.5961,2.59,-1.747,102.06,1.384,0
0.0755,37.26,-1.948,118.98,0.313,1
0.0475,25.42,-1.642,441.50,3.692,1
0.3597,7.39,-1.351,177.78,4.635,0
0.4627,1.67,-1.431,257.26,4.828,0
0.4601,21.68,-1.675,101.99,4.986,0
0.5436,0.46,-1.892,208.05,1.621,0
0.1606,35.49,-1.536,191.11,0.555,1
0.3865,9.58,-1.442,115.79,0.475,0
0.9946,2.56,-1.773,215.79,2.094,0
0.7757,28.28,-1.995,492.86,4.173,1
0.5772,36.07,-1.985,239.73,4.193,1
0.6550,18.52,-1.145,624.86,1.087,1
0.1168,13.83,-1.729,1481.60,3.116,1
0.2939,35.76,-1.010,322.19,1.789,1
0.2203,11.87,-1.306,287.41,2.547,0
0.9417,18.69,-1.145,220.30,3.831,0
0.7475,14.49,-1.566,103.42,4.234,0
0.4344,12.80,-1.231,129.19,1.480,0
0.3651,7.33,-1.844,339.46,2.581,0
0.8649,16.25,-1.514,204.59,4.102,0
0.6668,15.58,-1.205,158.31,3.953,0
0.4289,14.73,-1.347,208.93,2.237,0
0.3069,12.19,-1.523,145.40,1.966,0
0.4030,39.37,-1.089,315.76,4.476,1
0.7536,27.97,-1.007,213.06,2.450,1
0.6858,24.62,-1.286,175.47,0.569,0
0.7023,24.19,-1.395,172.18,3.524,0
0.8358,22.58,-1.428,125.81,1.559,0
0.2823,16.59,-1.028,296.10,1.137,0
0.2560,26.48,-1.077,265.70,2.737,1
0.2835,11.41,-1.872,118.23,4.301,0
0.4155,36.11,-1.265,7975.79,4.167,1
0.2634,32.79,-1.628,112.87,1.613,1
0.3564,6.72,-1.253,104.61,0.086,0
0.5742,18.64,-1.592,136.00,0.641,0
0.4139,40.07,-1.220,100.89,1.413,1
0.7672,5.99,-1.638,108.12,4.647,0
0.0984,24.57,-1.653,106.10,0.660,0
0.1421,6.69,-1.659,103.24,4.361,0
0.5428,25.07,-1.972,305.55,4.039,1
0.2754,39.98,-1.084,149.19,2.082,1
0.2414,39.75,-1.866,155.11,4.170,1
0.4823,13.08,-1.638,443.96,2.174,0
0.9959,0.99,-1.200,107.91,1.536,0
0.3661,16.88,-1.691,132.30,2.594,0
0.8782,0.06,-1.055,353.26,3.243,0
0.8410,13.67,-1.182,179.64,0.749,0
0.5259,24.58,-1.248,161.36,1.375,0
0.4616,12.19,-1.900,269.78,1.037,0
0.4464,0.35,-1.499,118.51,1.811,0
0.1616,24.00,-1.487,130.60,3.445,0
0.0343,35.84,-1.746,421.52,0.005,1
0.9364,8.01,-1.038,135.38,0.713,0
0.3547,17.80,-1.853,365.00,1.445,0
0.8621,14.62,-1.968,410.66,1.550,0
0.1262,15.14,-1.249,146.89,3.071,0
0.6225,41.93,-1.469,232.27,3.282,1
0.8174,24.26,-1.939,154.82,3.397,0
0.3411,30.10,-1.536,964.37,3.058,1
0.9644,19.47,-1.433,160.19,4.705,0
0.6286,39.27,-1.146,148.54,2.163,1
0.1956,17.18,-1.697,208.96,3.157,0
0.9446,12.68,-1.742,141.35,0.379,0
0.5391,33.28,-1.411,133.55,2.622,1
0.4408,0.38,-1.877,110.35,2.252,0
0.2597,21.52,-1.950,161.40,0.332,0
0.6284,17.44,-1.763,119.71,0.147,0
0.1655,15.19,-1.368,120.43,2.201,0
0.4680,31.51,-1.883,310.04,1.471,1
0.3069,2.79,-1.640,103.85,4.759,0
0.7022,21.15,-1.723,120.74,3.207,0
0.6185,29.67,-1.958,173.78,3.675,1
0.5530,31.56,-1.811,3450.14,3.173,1
0.9964,29.66,-1.384,123.94,4.847,1
0.8487,40.75,-1.279,100.66,1.195,1
0.8194,13.90,-1.703,120.25,2.061,0
0.4841,8.01,-1.320,131.65,2.725,0
0.0951,1.17,-1.418,119.05,1.281,0
0.0815,37.26,-1.610,220.85,2.618,1
0.3989,15.08,-1.089,145.62,4.482,0
0.2091,1.54,-1.621,127.01,1.621,0
0.0678,9.15,-1.351,170.98,3.392,0
0.4232,40.54,-1.025,253.64,1.211,1
0.7810,21.60,-1.015,6316.93,4.080,1
0.2802,3.41,-1.999,126.47,3.364,0
0.5912,10.15,-1.579,159.87,1.680,0
0.8671,18.21,-1.364,261.36,2.422,0
0.6537,19.50,-1.913,428.23,3.820,1
0.0390,12.63,-1.317,104.82,1.943,0
0.6219,5.87,-1.721,1014.09,3.227,1
0.6168,6.19,-1.093,101.87,0.309,0
0.8224,5.29,-1.001,272.59,2.093,0
0.1890,12.25,-1.794,197.55,1.159,0
0.6081,9.85,-1.100,135.67,1.967,0
0.6926,13.89,-1.634,223.86,1.761,0
0.4793,30.89,-1.960,1304.16,0.180,1
0.6961,29.06,-1.043,424.44,1.256,1
0.7967,20.06,-1.948,450.60,3.099,1
0.7376,35.58,-1.917,152.24,2.954,1
0.8645,15.67,-1.696,108.27,4.315,0
0.4092,24.02,-1.321,385.77,3.230,1
0.3608,30.96,-1.873,139.18,0.217,1
0.2620,33.20,-1.440,129.38,4.140,1
0.1405,6.07,-1.835,260051.86,2.305,1
0.3975,31.11,-1.327,213.69,1.015,1
0.2464,23.45,-2.000,394.51,0.132,1
0.6208,20.39,-1.283,300.77,3.436,0
0.0605,17.62,-1.153,2925.38,1.401,1
0.7661,33.85,-1.539,160.50,2.207,1
0.2230,34.34,-1.197,4581.60,3.683,1
0.7408,29.33,-1.464,160.96,3.030,1
0.6689,15.12,-1.350,502.26,0.389,1
0.6288,25.31,-1.144,2786.44,4.350,1
0.6098,30.93,-1.894,124.21,1.309,1
0.9782,40.83,-1.926,504.56,2.337,1
0.8423,19.82,-1.288,573.89,4.676,1
0.9918,12.67,-1.973,779.00,0.874,1
0.5460,38.49,-1.174,233.25,4.551,1
0.5230,21.87,-1.054,255.11,1.964,0
0.9499,2.78,-1.203,231.40,3.499,0
0.5359,4.64,-1.588,106.31,3.664,0
0.4744,17.62,-1.102,169.69,4.172,0
0.4464,1.77,-1.167,228.67,0.033,0
0.2955,13.60,-1.345,286.55,3.209,0
0.6693,41.04,-1.724,120.38,2.895,1
0.7173,17.97,-1.625,225.55,2.057,0
0.8301,6.14,-1.808,148.71,3.268,0
0.2874,5.29,-1.019,203.78,0.047,0
0.7702,5.24,-1.699,519.44,4.202,0
0.6352,28.58,-1.833,1585.67,2.621,1
0.4142,34.93,-1.826,113.37,4.521,1
0.4742,39.30,-1.170,286.90,4.690,1
0.2352,23.50,-1.177,10876.23,3.473,1
0.8827,30.41,-1.936,418.70,0.002,1
0.8506,24.64,-1.321,229.59,0.857,1
0.6855,33.08,-1.349,114.74,4.367,1
0.8095,38.62,-1.727,220.63,0.569,1
0.6994,41.05,-1.966,741.95,4.945,1
0.9630,10.46,-1.404,289.10,2.095,0
0.5201,37.24,-1.252,265.66,1.292,1
0.6850,6.62,-1.095,182.82,0.031,0
0.0089,32.08,-1.948,101.10,4.890,1
0.3760,29.96,-1.470,132.83,3.751,1
0.3337,16.80,-1.925,124.67,3.719,0
0.0219,25.01,-1.891,952.28,4.423,1
0.3380,31.49,-1.133,255.22,2.456,1
0.5007,39.23,-1.249,160.99,0.668,1
0.6997,32.64,-1.225,121.95,2.958,1
0.8760,34.47,-1.484,125.83,4.284,1
0.2119,28.59,-1.804,149.55,1.216,1
0.1413,19.12,-1.339,157.14,3.204,0
0.0354,14.14,-1.271,8414.07,1.288,1
0.9934,31.60,-1.417,585.07,2.808,1
0.7355,38.31,-1.222,180.13,3.361,1
0.9222,36.17,-1.195,262.96,1.768,1
0.7205,38.42,-1.277,545.48,1.816,1
0.5726,39.95,-1.434,103.35,3.263,1
0.5273,41.93,-1.358,153.47,1.642,1
0.3259,5.61,-1.631,114.75,2.639,0
0.5667,3.79,-1.470,111.91,1.989,0
0.8892,38.52,-1.394,131.01,2.850,1
0.0368,21.54,-1.305,843.25,2.745,1
0.3781,37.32,-1.903,213.13,3.495,1
0.9427,36.48,-1.684,221.76,2.641,1
0.6271,28.50,-1.827,266.08,3.181,1
0.5476,15.26,-1.561,144.42,1.076,0
0.9224,36.09,-1.178,104.72,0.763,1
0.2057,31.17,-1.685,105.30,4.152,1
0.8665,19.19,-1.755,101.47,4.800,0
0.8442,3.25,-1.758,263.72,0.808,0
0.9829,33.51,-1.883,302.61,2.974,1
0.3469,30.21,-1.385,248.03,0.586,1
0.9431,23.62,-1.588,2395.55,1.204,1
0.6037,39.57,-1.946,828.13,4.896,1
0.9312,7.09,-1.906,199.74,4.553,0
0.9177,11.15,-1.731,149.53,1.390,0
0.8102,40.90,-1.410,216.21,1.633,1
0.0642,17.12,-1.082,316.04,2.708,0
0.0468,26.57,-1.926,183.39,3.091,0
0.3727,3.77,-1.337,153.48,3.594,0
0.1127,9.90,-1.904,199.53,1.497,0
0.4145,36.85,-1.101,301.74,2.837,1
0.5861,13.67,-1.363,137.51,4.996,0
0.9374,15.39,-1.803,444.13,0.241,1
0.9099,17.39,-1.331,107.84,4.681,0
0.6545,35.95,-1.689,3774.00,4.673,1
0.6608,15.99,-1.433,136.60,4.540,0
0.9907,12.15,-1.057,241.24,3.203,0
0.8758,35.79,-1.571,118.70,3.128,1
0.3817,18.71,-1.769,110.81,1.284,0
0.0696,40.29,-1.653,112.39,4.775,1
0.7349,34.66,-1.159,154.40,0.366,1
0.8477,15.97,-1.145,186.17,1.028,0
0.0731,14.35,-1.662,149.36,2.230,0
0.7184,12.77,-1.866,344.76,0.479,0
0.6223,6.31,-1.593,330.46,3.673,0
0.7921,18.92,-1.383,354.09,3.689,1
0.9555,34.19,-1.958,108.34,2.978,1
0.4246,40.90,-1.393,129.89,3.272,1
0.6037,22.59,-1.343,284.67,0.404,0
0.6177,16.38,-1.494,118.07,4.627,0
0.4790,26.57,-1.254,736.01,2.703,1
0.7055,19.56,-1.300,137.69,2.319,0
0.7685,16.44,-1.836,158.05,0.634,0
0.7738,25.22,-1.247,120.38,3.726,0
0.7462,22.63,-1.206,275.81,4.395,1
0.6181,37.57,-1.049,170.52,0.587,1
0.3600,30.28,-1.275,566.43,3.773,1
0.2444,2.58,-1.246,162.61,4.375,0
0.9864,27.66,-1.631,112.43,0.342,1
0.8414,10.78,-1.813,180.51,1.435,0
0.4633,24.78,-1.897,2431.39,1.692,1
0.3712,39.54,-1.424,118.60,3.320,1
0.3085,8.34,-1.872,177.04,2.285,0
0.9666,3.58,-1.747,106.19,3.454,0
0.8903,41.34,-1.272,302.14,0.004,1
0.9219,19.76,-1.321,115.44,3.612,0
0.5229,36.88,-1.129,144.02,3.723,1
0.4014,40.71,-1.187,74031.18,2.832,1
0.9133,3.93,-1.987,241.15,2.689,0
0.9569,20.07,-1.078,194.28,3.433,0
0.7732,34.06,-1.110,508.33,2.152,1
0.3773,21.22,-1.426,150.57,2.230,0
0.5367,9.55,-1.835,113.99,3.410,0
0.3417,6.94,-1.681,112.30,1.766,0
0.0915,40.61,-1.038,549.04,1.291,1
0.3043,30.36,-1.155,5638.83,3.062,1
0.9380,19.04,-1.002,244.19,4.547,0
0.2027,31.41,-1.038,163.12,0.850,1
0.7530,38.80,-1.896,424.64,2.650,1
0.1142,39.48,-1.925,150.82,4.364,1
0.5576,23.90,-1.771,150.91,2.163,0
0.2298,24.18,-1.789,1011.63,0.116,1
0.4892,14.59,-1.656,214.12,2.187,0
0.2963,12.13,-1.180,315.60,0.902,0
0.0729,9.02,-1.761,1293.94,1.909,1
0.4937,9.29,-1.455,28419.06,1.820,1
0.1979,22.10,-1.252,121.05,1.165,0
0.0456,36.62,-1.372,635.78,0.998,1
0.1517,32.14,-1.974,119.88,2.094,1
0.3616,33.93,-1.565,109.01,4.908,1
0.7801,13.92,-1.154,376.68,0.714,0
0.3134,25.94,-1.478,224.98,0.616,0
0.4494,5.88,-1.598,271.81,0.994,0
0.1744,23.05,-1.761,130.54,0.753,0
0.1256,7.35,-1.554,1110.08,2.093,1
0.5798,17.86,-1.978,112.17,4.627,0
0.7849,34.62,-1.941,299.34,0.784,1
0.5752,2.51,-1.638,712.53,2.269,1
0.0772,37.41,-1.489,439.14,4.096,1
0.8543,4.96,-1.787,915.94,3.794,1
0.8150,8.52,-1.759,189.11,0.370,0
0.7713,21.78,-1.098,104.69,1.552,0
0.4033,41.14,-1.558,457.05,0.547,1
0.7456,2.31,-1.083,491.71,1.957,0
0.8069,32.49,-1.843,5029.47,3.760,1
0.5517,6.28,-1.442,237.22,0.677,0
0.4309,13.84,-1.388,228.34,4.402,0
0.4464,41.55,-1.100,378.35,2.088,1
0.3066,39.12,-1.795,149.30,4.592,1
0.5859,35.18,-1.152,329.57,0.446,1
0.0059,14.33,-1.534,231.27,0.515,0
0.1257,38.24,-1.070,1817.70,2.392,1
0.5965,33.11,-1.734,328.61,0.861,1
0.3827,37.38,-1.438,120.76,2.932,1
0.8762,15.85,-1.165,344.43,1.747,0
0.5353,6.60,-1.345,147.15,4.362,0
0.8399,39.27,-1.911,7360.39,1.884,1
0.3038,4.20,-1.030,238.43,0.411,0
0.4276,24.78,-1.638,156.96,2.717,0
0.5996,1.85,-1.494,255.23,3.794,0
0.7243,5.67,-1.212,218.07,2.100,0
0.1938,12.73,-1.515,158.09,0.861,0
0.9390,19.70,-1.876,505.39,2.175,1
0.3825,25.81,-1.743,100.95,3.040,0
0.2290,29.13,-1.962,166.41,3.308,1
0.5133,23.29,-1.625,355.79,3.530,1
0.1710,38.43,-1.424,115.96,3.660,1
0.1023,37.63,-1.540,226.28,3.435,1
0.8698,26.98,-1.614,102.64,3.572,0
0.3450,38.16,-1.357,129.84,2.232,1
0.1531,9.88,-1.083,118.90,4.836,0
0.8000,9.13,-1.325,215.43,0.700,0
0.3993,39.74,-1.551,212.61,2.124,1
0.2787,22.53,-1.627,1336.74,3.890,1
0.4916,9.74,-1.109,123.39,3.661,0
0.8571,30.52,-1.655,121.94,3.298,1
0.4827,27.29,-1.564,159.16,0.242,1
0.9755,24.17,-1.321,157.41,0.595,0
0.3875,19.75,-1.232,109.47,4.339,0
0.8075,9.95,-1.838,103.25,4.188,0
0.3059,10.71,-1.422,171.92,3.270,0
0.1626,28.38,-1.091,146.71,4.858,1
0.8207,37.03,-1.001,1003.43,2.812,1
0.7886,38.92,-1.975,182.46,0.138,1
0.4256,27.21,-1.451,688.92,3.663,1
0.9144,28.48,-1.121,692.36,0.026,1
0.0354,4.18,-1.408,175.04,0.413,0
0.5406,9.20,-1.020,112.90,4.791,0
0.4229,24.46,-1.103,30535.96,4.153,1
0.3417,10.27,-1.244,277.33,0.848,0
0.5456,12.85,-1.211,2916.93,0.179,1
0.0729,15.77,-1.880,280.33,1.964,0
0.0865,2.57,-1.163,166.33,3.956,0
0.2255,22.66,-1.357,415.15,2.992,1
0.3658,38.28,-1.978,2284.19,3.251,1
0.9951,39.93,-1.974,104.66,4.252,1
0.9143,40.30,-1.499,756.41,4.200,1
0.7110,10.90,-1.935,232.08,4.908,0
0.0707,3.97,-1.548,101.78,2.706,0
0.0329,11.72,-1.805,113.53,3.849,0
0.7005,37.17,-1.143,103.56,1.608,1
0.9065,17.06,-1.682,375.18,0.815,1
0.5880,3.32,-1.392,896.47,4.175,1
0.4374,24.62,-1.124,347.51,2.667,1
0.8521,24.34,-1.873,103.43,1.860,0
0.1200,8.35,-1.910,34972.99,4.736,1
0.3356,1.93,-1.218,143.99,1.596,0
0.8351,6.63,-1.150,163.48,2.231,0
0.8666,5.54,-1.604,236.89,0.904,0
0.5115,18.42,-1.159,113.97,2.456,0
0.4307,30.94,-1.133,243.78,2.481,1
0.5640,9.66,-1.978,2983.87,0.546,1
0.0933,37.70,-1.430,142.54,3.987,1
0.1368,18.91,-1.814,1696.27,0.979,1
0.2170,5.91,-1.729,699.54,0.168,0
0.6944,38.46,-1.896,138.84,3.118,1
0.5011,12.28,-1.468,272.66,3.066,0
0.7174,19.12,-1.081,233.75,3.591,0
0.2848,5.58,-1.610,130.60,0.618,0
0.7416,22.41,-1.689,221.94,3.569,0
0.6799,23.91,-1.442,611.72,3.812,1
0.9833,35.77,-1.604,229.64,2.887,1
0.4891,23.80,-1.134,139.30,3.446,0
0.5452,6.77,-1.284,882.55,0.846,1
0.7128,11.42,-1.350,443.80,3.413,0
0.1021,17.81,-1.325,100.03,4.198,0
0.2131,5.39,-1.469,5266.13,1.063,1
0.9105,4.19,-1.130,282.40,4.833,0
0.8752,13.04,-1.618,116.34,4.933,0
0.5371,39.40,-1.778,197.76,2.704,1
0.2685,8.18,-1.493,116.61,0.975,0
0.3852,8.81,-1.666,296.40,0.317,0
0.3403,21.26,-1.675,205.85,3.107,0
0.6553,39.11,-1.007,198.97,4.136,1
0.3749,2.55,-1.617,2146.96,4.525,1
0.9827,31.50,-1.977,528.38,0.612,1
0.1988,0.38,-1.167,152.65,0.017,0
0.5438,31.87,-1.598,162.53,1.369,1
0.1204,6.22,-1.196,223.11,0.633,0
0.7482,18.52,-1.370,519.69,1.859,1
0.1391,9.04,-1.737,169.57,2.297,0
0.7914,5.19,-1.992,192.55,2.432,0
0.6689,10.14,-1.943,107.02,0.357,0
0.8171,40.10,-1.022,466.25,1.928,1
0.0747,28.23,-1.752,284.03,4.157,1
0.4347,15.81,-1.216,175.19,4.377,0
0.2497,15.08,-1.533,174.29,2.433,0
0.0141,39.42,-1.207,590.81,4.134,1
0.8559,0.06,-1.288,173.12,2.741,0
0.8834,35.98,-1.561,121.20,2.252,1
0.6431,25.56,-1.521,195.37,1.310,1
0.1032,40.95,-1.697,187.34,0.454,1
0.9551,1.65,-1.290,145.50,4.085,0
0.3942,17.36,-1.380,136.60,2.914,0
0.4557,10.86,-1.653,223.10,2.563,0
0.5132,24.64,-1.952,1355.34,1.745,1
0.6803,10.47,-1.969,158.14,4.205,0
0.5874,1.75,-1.256,132.77,4.773,0
0.9741,12.70,-1.788,142.29,0.997,0
0.7369,21.85,-1.546,103.49,3.554,0
0.0336,39.72,-1.282,192.39,0.654,1
0.5720,10.78,-1.127,196.56,1.594,0
0.7732,41.74,-1.780,163.29,4.189,1
0.6298,2.04,-1.921,221.59,0.450,0
0.8104,1.41,-1.661,109.27,0.221,0
0.4781,17.86,-1.717,119.66,1.439,0
0.0652,7.76,-1.975,249.34,3.708,0
0.5179,40.73,-1.122,100.89,4.468,1
0.9105,32.14,-1.148,440.26,3.319,1
0.5835,33.02,-1.647,319.55,0.405,1
0.9777,34.27,-1.353,137.51,2.747,1
0.3656,12.90,-1.490,148.33,4.156,0
0.1212,20.75,-1.591,294.24,0.007,0
0.7634,12.32,-1.046,254.67,0.316,0
0.5652,23.96,-1.783,120.90,2.444,0
0.2536,19.29,-1.527,390.04,4.956,0
0.8240,21.71,-1.738,172.43,1.520,0
0.6943,31.05,-1.214,373.86,4.715,1
0.3807,22.50,-1.443,183.30,4.754,0
0.0660,28.84,-1.166,124.00,4.088,0
0.1743,37.01,-1.747,563.37,4.631,1
0.0991,35.17,-1.982,100.28,3.514,1
0.8579,29.04,-1.089,174.49,2.309,1
0.5993,16.16,-1.605,256.70,3.917,0
0.3105,19.56,-1.991,162.79,4.196,0
0.3320,3.08,-1.876,451.93,3.429,0
0.5890,7.89,-1.614,111.79,0.375,0
0.2697,22.56,-1.569,164.53,1.802,0
0.0572,30.79,-1.943,156.55,1.715,1
0.7723,7.06,-1.950,100.86,3.916,0
0.8234,27.83,-1.176,126.13,2.632,1
0.2176,5.15,-1.482,1008.26,1.769,1
0.4073,12.67,-1.422,368.18,4.833,0
0.8209,39.59,-1.303,114.61,1.642,1
0.1553,12.75,-1.092,133.22,1.255,0
0.8867,0.18,-1.415,343.03,3.951,0
0.7898,37.30,-1.606,121.01,4.266,1
0.7733,9.21,-1.754,208.44,0.666,0
0.4225,40.67,-1.753,408.44,2.446,1
0.0894,0.79,-1.969,124.32,1.639,0
0.7603,9.51,-1.906,121.17,0.773,0
0.4836,6.31,-1.968,1995.67,0.403,1
0.2961,18.03,-1.892,135.32,1.371,0
0.1619,23.56,-1.379,111.31,2.960,0
0.2875,12.30,-1.093,142.15,0.437,0
0.5252,1.13,-1.480,211.12,4.153,0
0.9036,31.13,-1.787,694.65,0.214,1
0.0575,39.69,-1.027,355.05,4.634,1
0.2514,22.33,-1.940,274.66,1.698,0
0.5043,7.92,-1.585,219.84,2.411,0
0.1012,33.32,-1.283,156.28,4.908,1
0.1324,9.59,-1.423,249.61,4.029,0
0.1177,33.95,-1.142,102.94,2.291,1
0.2919,5.16,-1.881,859.55,2.460,1
0.6844,14.68,-1.888,3316.83,4.921,1
0.9361,40.98,-1.296,1499.44,2.728,1
0.0072,21.01,-1.343,117.49,3.497,0
0.1975,9.81,-1.462,243.77,3.764,0
0.9123,10.86,-1.736,136.33,1.410,0
0.5346,27.63,-1.954,111.26,0.112,0
0.5400,20.00,-1.749,33900.64,2.874,1
0.5321,1.33,-1.298,622.70,2.492,0
0.2081,2.78,-1.778,907.59,1.908,1
0.7674,41.36,-1.411,166.70,4.072,1
0.9038,29.94,-1.096,189.16,4.950,1
0.5783,29.57,-1.187,235.77,3.099,1
0.7947,40.34,-1.228,1520.12,4.714,1
0.3675,21.18,-1.917,190.35,2.794,0
0.5658,39.88,-1.570,448.03,2.187,1
0.7210,4.55,-1.918,787.38,0.276,1
0.3257,35.08,-1.104,128.19,3.092,1
0.0568,8.94,-1.587,283.07,1.722,0
0.9301,3.87,-1.752,145.35,0.923,0
0.3769,10.49,-1.831,163.24,0.719,0
0.2801,11.43,-1.549,103.47,3.417,0
0.5716,32.13,-1.672,109.02,3.215,1
0.0283,1.85,-1.658,170.80,3.840,0
0.4069,8.64,-1.883,122.26,1.130,0
0.0044,17.20,-1.584,350.97,2.434,0
0.0705,4.52,-1.696,233.73,3.116,0
0.0227,11.06,-1.644,1358.37,2.015,1
0.8936,11.85,-1.559,350.30,1.555,0
0.8038,41.66,-1.004,248.48,1.879,1
0.5275,0.27,-1.279,268.62,3.464,0
0.8993,26.05,-1.113,2906.75,0.486,1
0.5251,38.17,-1.586,885.04,1.694,1
0.4135,15.74,-1.287,138.23,3.795,0
0.5261,41.40,-1.828,278.59,3.796,1
0.2366,2.98,-1.817,226.36,1.846,0
0.3371,17.24,-1.345,407.26,2.071,0
0.5137,37.71,-1.626,100.22,2.029,1
0.3336,27.81,-1.515,1971.50,0.092,1
0.3412,10.47,-1.975,982.13,2.327,1
0.2350,13.73,-1.150,450.72,2.039,0
0.6882,34.98,-1.518,117.11,4.554,1
0.2581,13.33,-1.063,845.32,0.189,1
0.3643,13.58,-1.392,2351.31,4.436,1
0.5423,16.69,-1.190,166.22,2.438,0
0.3773,2.70,-1.810,124.63,2.452,0
0.0682,34.40,-1.762,119.43,2.656,1
0.2338,15.73,-1.427,3331.26,4.281,1
0.8041,28.42,-1.926,121.90,2.319,1
0.9222,32.06,-1.597,244.73,4.620,1
0.6913,28.85,-1.926,181.50,2.459,1
0.3665,4.48,-1.810,2216.57,0.346,1
0.2110,20.81,-1.015,683.96,1.604,1
0.7601,24.56,-1.994,705.65,2.539,1
0.4946,7.31,-1.596,137.87,1.463,0
0.1630,38.64,-1.127,1503.42,3.601,1
0.3043,6.40,-1.519,134.23,4.701,0
0.1902,13.83,-1.539,114.36,1.710,0
0.2039,30.55,-1.767,135.97,4.739,1
0.2281,10.23,-1.159,568.68,1.555,0
0.0704,11.78,-1.152,166.92,4.076,0
0.9042,24.91,-1.764,772.76,0.689,1
0.9146,3.61,-1.699,119.44,4.911,0
0.1095,23.50,-1.264,121.20,1.035,0
0.1436,34.11,-1.656,578.40,2.542,1
0.6502,27.45,-1.382,105.75,0.034,0
0.7116,24.34,-1.040,19341.49,1.253,1
0.1025,30.76,-1.530,1131.40,1.231,1
0.5938,14.37,-1.101,374.89,3.540,0
0.9806,30.82,-1.546,148.20,1.810,1
0.1292,37.51,-1.441,225.21,3.097,1
0.3273,4.02,-1.639,116.60,4.832,0
0.6998,20.01,-1.932,216.65,0.027,0
0.0278,34.76,-1.697,942.36,0.755,1
0.0553,28.57,-1.216,161.33,3.133,1
0.8579,10.41,-1.095,424.19,0.859,0
0.1786,18.81,-1.960,108.78,4.644,0
0.6420,19.64,-1.741,1489.34,0.645,1
0.7114,39.12,-1.236,167.21,0.599,1
0.1481,27.88,-1.859,120.32,3.163,0
0.5784,36.68,-1.224,1330.71,1.754,1
0.0315,7.49,-1.520,2024.46,3.854,1
0.0247,38.84,-1.799,308.13,1.956,1
0.3879,1.42,-1.369,379.41,3.408,0
0.9251,1.74,-1.709,106.96,0.559,0
0.2515,36.32,-1.964,212.93,3.654,1
0.0506,38.68,-1.540,415.24,2.592,1
0.7020,29.89,-1.461,104.75,1.767,1
0.2613,21.78,-1.320,366.73,2.978,0
0.5016,2.50,-1.736,112.20,2.289,0
0.0991,21.41,-1.698,350.44,2.292,0
0.3012,32.46,-1.847,514.73,2.482,1
0.4116,7.99,-1.261,7315.70,0.153,1
0.2141,32.55,-1.760,110.70,3.475,1
0.8735,27.28,-1.073,111.03,4.706,0
0.7913,40.53,-1.548,181.63,4.906,1
0.1693,2.94,-1.061,206.52,2.491,0
0.3417,28.88,-1.666,260.60,0.560,1
0.2382,0.16,-1.904,717.07,1.792,0
0.8518,11.04,-1.966,108.51,3.646,0
0.1097,14.42,-1.946,10521.08,4.885,1
0.0842,21.92,-1.936,180.14,1.197,0
0.1996,5.51,-1.652,291.97,3.292,0
0.4064,35.12,-1.255,109.32,3.924,1
0.4042,6.09,-1.020,181.68,1.367,0
0.5356,33.28,-1.369,170.35,1.081,1
0.3041,18.82,-1.237,675.70,3.600,1
0.2250,41.26,-1.091,127.42,0.367,1
0.3351,21.71,-1.849,146.22,1.759,0
0.3780,21.60,-1.407,204.04,2.972,0
0.9383,27.79,-1.711,127.65,3.997,1
0.6216,41.16,-1.118,116.30,3.989,1
0.6933,35.15,-1.538,397.39,2.025,1
0.7983,4.20,-1.927,141.68,2.962,0
0.9475,22.52,-1.615,144.88,2.140,0
0.5405,36.91,-1.978,411.89,3.262,1
0.8768,32.16,-1.165,232.82,4.940,1
0.2648,17.62,-1.167,985.46,3.703,1
0.5841,18.87,-1.380,186.18,2.823,0
0.8603,40.24,-1.179,170.30,0.834,1
0.3037,17.71,-1.636,124.69,3.361,0
0.6632,38.72,-1.721,2083.31,4.104,1
0.0390,7.45,-1.090,170.40,4.542,0
0.1881,40.25,-1.909,109.10,2.596,1
0.7019,2.43,-1.498,375.71,4.884,0
0.5622,33.41,-1.807,113.70,1.818,1
0.7177,31.34,-1.724,496.82,0.060,1
0.7652,9.02,-1.390,128.15,0.560,0
0.9468,41.63,-1.112,426.25,3.895,1
0.0560,15.30,-1.453,320.67,3.716,0
0.9787,41.55,-1.631,100.87,1.253,1
0.3567,21.57,-1.450,191.96,0.215,0
0.3772,38.37,-1.767,151.75,0.065,1
0.7138,13.53,-1.682,301.52,0.384,0
0.2693,27.50,-1.499,133.41,3.768,0
0.1655,34.62,-1.645,1507.65,1.815,1
0.9425,0.01,-1.858,117.20,1.170,0
0.6561,39.10,-1.442,151.64,3.653,1
0.4656,22.09,-1.378,119.46,0.620,0
0.8718,2.79,-1.529,220.69,3.369,0
0.1057,17.74,-1.127,104.13,2.664,0
0.6721,1.25,-1.636,736.95,1.064,1
0.7517,1.54,-1.528,698.55,0.722,1
0.8762,30.03,-1.524,420.27,0.923,1
0.1623,40.77,-1.186,565.93,1.878,1
0.5959,22.60,-1.439,353.19,3.182,1
0.5581,12.02,-1.852,1274.05,3.475,1
0.7049,15.26,-1.292,1660.53,4.101,1
0.5189,21.11,-1.096,190.33,0.806,0
0.8646,7.03,-1.920,116.48,3.671,0
0.9194,8.39,-1.553,308.41,3.959,0
0.3192,13.79,-1.552,113.32,1.775,0
0.5214,35.01,-1.723,1942.71,3.425,1
0.2994,8.82,-1.983,237.22,3.073,0
0.1090,34.00,-1.354,464.96,0.006,1
0.7661,41.97,-1.918,117.26,4.153,1
0.6232,21.61,-1.782,124.49,1.199,0
0.6671,25.48,-1.674,121.67,0.326,0
0.5622,12.08,-1.172,141.86,2.360,0
0.2044,38.57,-1.566,321.90,3.546,1
0.0386,27.51,-1.149,116.52,3.910,0
0.5100,41.02,-1.056,3007.32,1.134,1
0.9066,16.99,-1.527,119.58,2.463,0
0.8452,21.30,-1.365,538.59,1.573,1
0.5411,24.87,-1.894,104.91,2.266,0
0.0619,38.83,-1.129,105.53,4.464,1
0.3887,23.09,-1.210,194.29,3.911,0
0.7589,39.92,-1.509,107.38,0.559,1
0.7338,30.53,-1.829,101.18,3.755,1
0.8099,31.13,-1.547,171.20,2.573,1
0.1025,13.25,-1.813,571.08,3.457,0
0.8140,41.71,-1.728,574.19,1.481,1
0.9450,12.88,-1.947,127.01,4.128,0
0.4052,23.51,-1.404,150.61,1.209,0
0.2080,38.39,-1.637,161.22,0.569,1
0.2429,12.86,-1.717,215.19,4.861,0
0.8835,11.26,-1.135,6233.06,3.435,1
0.1795,5.76,-1.793,152.49,4.815,0
0.7609,15.66,-1.292,109.96,0.920,0
0.4525,27.24,-1.668,115.36,4.657,0
0.3261,21.99,-1.833,1094.46,3.024,1
0.4798,29.00,-1.542,486.07,1.854,1
0.8654,22.81,-1.880,147.00,3.874,0
0.7400,10.44,-1.536,155.90,3.325,0
0.4023,9.15,-1.995,413.65,3.049,0
0.4000,27.14,-1.199,300.73,2.649,1
0.6086,18.23,-1.127,143.10,1.981,0
0.5126,30.35,-1.104,106.04,3.924,1
0.4938,23.89,-1.676,160.66,4.023,0
0.2590,30.26,-1.157,112.45,1.456,1
0.6405,12.40,-1.144,133.57,1.730,0
0.4602,15.06,-1.834,358.80,2.346,0
0.3708,36.25,-1.967,187.66,0.703,1
0.3482,20.76,-1.713,174.54,0.841,0
0.3196,6.69,-1.594,512.30,4.319,0
0.8837,33.03,-1.130,219.80,4.489,1
0.9500,2.76,-1.630,297.46,2.124,0
0.0586,22.14,-1.856,511.54,4.814,1
0.0640,11.29,-1.091,144.94,3.019,0
0.0452,37.71,-1.738,113.55,4.455,1
0.9800,12.15,-1.875,156.88,2.910,0
0.4851,4.08,-1.650,4150.12,2.592,1
0.9159,39.09,-1.433,193.78,4.757,1
0.9708,15.55,-1.838,260.21,0.709,0
0.0323,2.36,-1.054,155.39,3.090,0
0.9998,36.12,-1.290,134.84,2.308,1
0.3598,35.84,-1.981,5102.47,2.940,1
0.6121,12.84,-1.665,639.74,2.396,1
0.4099,37.32,-1.807,252.34,1.511,1
0.0897,3.02,-1.142,101.54,3.455,0
0.1155,40.15,-1.999,239.33,1.145,1
0.6518,12.96,-1.513,3049.72,2.953,1
0.9716,11.30,-1.221,133.74,1.621,0
0.9625,22.45,-1.499,210.37,3.372,0
0.9704,40.58,-1.136,3046.73,3.255,1
0.5258,32.95,-1.471,1003.03,2.509,1
0.4143,17.51,-1.015,188.59,2.805,0
0.0364,3.79,-1.212,210.37,1.611,0
0.7117,36.42,-1.440,151.94,4.813,1
0.4244,15.57,-1.388,193.91,4.510,0
0.2578,27.38,-1.476,275.99,0.697,1
0.4520,13.47,-1.918,148.89,1.601,0
0.8722,16.69,-1.333,298.67,2.834,0
0.1372,7.78,-1.308,189.76,0.471,0
0.6288,14.20,-1.004,107.87,0.885,0
0.1703,3.54,-1.256,161.32,1.622,0
0.3135,15.02,-1.888,350.41,2.128,0
0.6073,0.55,-1.916,113.82,4.739,0
0.9587,22.02,-1.525,276.57,2.207,1
0.0557,27.84,-1.192,176.77,1.742,0
0.6368,18.54,-1.470,733.89,0.171,1
0.9754,27.16,-1.479,465.33,3.704,1
0.8738,18.62,-1.866,165.35,3.398,0
0.5778,24.51,-1.411,124.99,0.034,0
0.0307,27.86,-1.388,118.62,4.948,0
0.7086,13.97,-1.248,165.03,0.891,0
0.8861,40.73,-1.256,612.86,0.206,1
0.4168,26.64,-1.682,142.19,0.076,0
0.4479,10.03,-1.631,107.89,0.775,0
0.1336,29.23,-1.409,2847.51,1.039,1
0.9704,41.21,-1.639,128.69,4.194,1
0.3054,8.15,-1.105,350.36,2.478,0
0.9348,39.27,-1.045,137.30,0.990,1
0.3254,23.29,-1.382,184.32,2.304,0
0.7541,13.86,-1.272,111.78,4.388,0
0.8983,32.04,-1.300,293.61,0.942,1
0.5273,21.24,-1.379,256.15,3.603,0
0.8349,32.31,-1.517,137.17,1.431,1
0.8392,33.21,-1.241,143.75,3.587,1
0.3271,20.88,-1.777,335.41,3.122,0
0.3786,33.83,-1.633,520.01,1.422,1
0.1863,26.70,-1.169,201.86,1.909,0
0.7238,38.25,-1.053,155.26,2.636,1
0.3656,26.42,-1.062,210.10,3.414,1
0.6802,24.20,-1.909,148.18,1.932,0
0.4182,14.96,-1.586,459.83,4.800,0
0.9023,7.35,-1.272,507.87,3.218,1
0.8105,37.01,-1.541,138.96,3.626,1
0.5057,29.46,-1.621,138.84,4.191,1
0.2020,34.28,-1.121,2683.37,1.240,1
0.9791,11.22,-1.405,289.25,2.741,0
0.7620,15.76,-1.484,289.70,3.375,0
0.9148,39.16,-1.401,263.07,0.344,1
0.2306,9.59,-1.951,169.45,4.316,0
0.0566,20.99,-1.723,786.74,3.717,1
0.9827,3.27,-1.298,111.72,4.970,0
0.5324,29.36,-1.376,128.09,2.888,1
0.6353,8.49,-1.745,356.55,1.384,0
0.2280,28.50,-1.630,982.44,4.632,1
0.4028,22.06,-1.733,216.24,2.497,0
0.3443,27.29,-1.674,113.95,0.729,0
0.1672,19.26,-1.576,592.35,0.692,1
0.7396,31.96,-1.388,1371.80,4.655,1
0.1475,17.90,-1.569,409.98,1.775,0
0.6338,41.04,-1.996,553.35,2.178,1
0.7556,29.74,-1.823,156.06,3.567,1
0.2747,28.51,-1.567,100.96,0.729,0
0.1652,31.78,-1.137,185.47,1.887,1
0.8281,18.17,-1.018,121.37,1.466,0
0.8431,7.77,-1.843,345.80,0.300,0
0.8551,25.38,-1.523,1379.14,2.499,1
0.6535,5.28,-1.042,158.11,0.016,0
0.5164,6.95,-1.025,193.40,2.081,0
0.5903,39.76,-1.850,116.14,4.321,1
0.0551,31.59,-1.434,151.12,3.251,1
0.9978,21.79,-1.467,115.93,4.388,0
0.0583,6.93,-1.784,101.71,0.184,0
0.6396,13.88,-1.631,143.69,0.184,0
0.5812,22.69,-1.039,428.22,3.557,1
0.8648,0.30,-1.619,139.60,0.233,0
0.0087,6.03,-1.018,217.49,4.642,0
0.6361,37.42,-1.590,122.93,1.417,1
0.7826,23.52,-1.145,368.93,3.586,1
0.4273,27.12,-1.118,103.53,0.801,0
0.0506,6.41,-1.105,138.92,1.783,0
0.1095,30.75,-1.011,143.83,4.271,1
0.3267,14.14,-1.285,230.95,0.109,0
0.4344,24.53,-1.450,141.00,4.638,0
0.2530,3.51,-1.691,116.55,2.767,0
0.6441,16.76,-1.426,117.47,3.001,0
0.0973,13.18,-1.495,181.08,0.070,0
0.9871,14.82,-1.070,148.65,1.532,0
0.2440,20.37,-1.845,128.83,4.609,0
0.4823,16.41,-1.623,217.50,1.362,0
0.3590,35.02,-1.191,190.26,4.228,1
0.4321,17.14,-1.233,350.22,2.740,0
0.3287,33.46,-1.136,110.49,2.275,1
0.8415,38.85,-1.970,137.41,3.644,1
0.3631,6.35,-1.407,1248.42,1.768,1
0.7434,11.20,-1.279,118.05,1.410,0
0.6688,7.88,-1.639,504.42,3.939,0
0.2564,33.23,-1.572,770.54,1.716,1
0.8699,27.93,-1.344,135.90,4.987,1
0.1259,41.79,-1.790,174.40,1.355,1
0.3906,28.38,-1.329,117.27,4.436,1
0.2042,0.22,-1.133,282.71,2.221,0
0.5080,26.73,-1.153,4272.51,2.107,1
0.3459,15.91,-1.870,231.92,1.686,0
0.8885,3.99,-1.615,191.77,3.209,0
0.1168,21.44,-1.397,164.99,0.284,0
0.5010,26.17,-1.262,625.61,1.044,1
0.4700,35.42,-1.667,224.43,1.158,1
0.6539,33.23,-1.917,9530.09,2.535,1
0.6411,14.56,-1.589,109.70,2.834,0
0.0518,31.14,-1.198,106.45,2.467,1
0.2773,2.97,-1.283,165.67,4.463,0
0.6725,25.97,-1.175,171.82,4.620,0
0.6662,23.47,-1.467,560.31,0.921,1
0.5970,27.82,-1.929,181.00,1.819,1
0.5981,13.21,-1.288,177.01,3.121,0
0.8067,39.39,-1.007,4785.49,2.256,1
0.2074,25.33,-1.352,1034.12,1.204,1
0.2150,38.90,-1.115,243.62,2.057,1
0.2287,25.35,-1.244,719.28,1.066,1
0.6075,35.00,-1.917,177.01,2.047,1
0.7088,7.25,-1.844,260.26,2.136,0
0.7071,32.43,-1.370,121.06,1.729,1
0.8739,16.48,-1.915,112.15,4.500,0
0.6846,28.66,-1.448,154.55,1.907,1
0.7055,7.08,-1.899,198.13,0.231,0
0.2548,7.45,-1.717,174.46,1.698,0
0.7752,30.09,-1.216,331.10,2.104,1
0.1047,23.71,-1.577,652.05,0.406,1
0.0740,0.25,-1.466,134.79,1.198,0
0.1038,8.81,-1.819,106.87,3.221,0
0.2994,24.95,-1.421,164.14,0.222,0
0.2863,30.07,-1.819,178.05,4.780,1
0.2909,24.05,-1.044,229.95,4.664,0
0.4219,5.14,-1.327,118.80,0.344,0
0.7798,9.57,-1.692,116.67,3.220,0
0.5082,16.52,-1.572,112.11,1.890,0
0.2189,39.23,-1.208,393.58,4.665,1
0.3384,35.05,-1.769,1286.23,0.560,1
0.3320,23.10,-1.653,147.85,1.815,0
0.4653,2.50,-1.128,114.18,2.179,0
0.9439,12.88,-1.523,159.07,1.070,0
0.1819,24.32,-1.869,266.34,4.446,0
0.1981,33.09,-1.493,3765.02,1.798,1
0.2638,31.93,-1.520,781.27,0.738,1
0.0979,38.87,-1.149,121.33,4.651,1
0.1033,22.18,-1.944,265.47,2.602,0
0.4101,0.99,-1.880,216.71,2.264,0
0.8769,38.81,-1.928,253.06,1.904,1
0.9208,6.94,-1.963,140.21,0.536,0
0.5982,6.53,-1.174,1096.28,1.499,1
0.2134,7.14,-1.944,208.96,1.120,0
0.3537,25.01,-1.834,702.09,4.438,1
0.0365,28.81,-1.123,101.87,1.398,0
0.9200,39.44,-1.993,205.59,4.025,1
0.7392,16.35,-1.596,598.52,1.409,1
0.0150,11.60,-1.345,118.65,3.215,0
0.5489,18.21,-1.714,270.59,2.820,0
0.0179,32.07,-1.690,366.87,0.385,1
0.8742,31.59,-1.555,147.65,4.723,1
0.4549,6.13,-1.242,297.54,0.530,0
0.6004,1.44,-1.373,178.59,3.973,0
0.4226,1.86,-1.440,127.94,0.731,0
0.1395,35.24,-1.696,67308.75,2.768,1
0.4188,17.21,-1.249,186.55,0.581,0
0.9773,21.20,-1.724,202.35,1.858,0
0.4576,6.73,-1.505,1330.60,2.339,1
0.6631,3.34,-1.623,564.03,4.980,0
0.5279,38.98,-1.845,171.74,4.426,1
0.6944,9.14,-1.883,449.58,2.147,0
0.2567,10.88,-1.193,1534.61,1.414,1
0.0037,35.16,-1.772,329.24,3.926,1
0.3829,3.12,-1.538,390.45,4.729,0
0.7475,31.75,-1.410,114.32,3.843,1
0.3327,36.78,-1.345,208.43,2.656,1
0.6706,27.43,-1.858,144.11,1.132,1
0.7931,41.30,-1.067,905.83,4.893,1
0.3825,26.09,-1.718,102.07,3.784,0
0.8624,3.78,-1.648,103.38,3.485,0
0.6689,24.85,-1.048,1250.68,3.851,1
0.7514,40.40,-1.273,334.60,0.789,1
0.2971,32.25,-1.232,674.44,0.318,1
0.4244,6.23,-1.981,202.44,4.472,0
0.3008,14.25,-1.943,3117.72,3.296,1
0.3015,36.02,-1.596,187.54,0.114,1
0.1662,24.35,-1.437,1066.75,3.299,1
0.6621,23.71,-1.179,216.39,2.857,0
0.7498,23.67,-1.222,152.06,1.773,0
0.6300,25.27,-1.148,105.86,4.572,0
0.7595,9.22,-1.403,1606.74,4.951,1
0.2295,30.41,-1.198,153.24,2.220,1
0.6847,1.92,-1.659,487.28,0.196,0
0.5571,41.44,-1.187,113.46,3.500,1
0.7089,10.49,-1.411,7511.18,3.001,1
0.4208,39.04,-1.568,564.07,3.293,1
0.2378,11.83,-1.219,241.12,3.514,0
0.0952,40.50,-1.517,119.68,4.253,1
0.6730,1.61,-1.957,325.06,3.966,0
0.0878,26.70,-1.250,846.28,3.619,1
0.2257,23.33,-1.952,306.24,4.611,0
0.8983,17.14,-1.905,131.84,4.643,0
0.2459,31.41,-1.618,426.35,0.393,1
0.8012,14.85,-1.654,236.34,2.297,0
0.4137,41.35,-1.611,126.42,2.384,1
0.2365,13.70,-1.959,100.08,1.016,0
0.4631,26.86,-1.104,225.42,1.388,1
0.7305,13.71,-1.467,107.25,0.273,0
0.9552,28.02,-1.095,956.53,1.815,1
0.5938,41.01,-1.204,102.10,2.079,1
0.1665,0.45,-1.235,431.05,0.741,0
0.3797,26.16,-1.257,859.96,1.772,1
0.8759,35.95,-1.236,2603.17,3.025,1
0.1094,8.14,-1.123,197.95,3.419,0
0.8101,14.15,-1.577,146.35,1.576,0
0.1455,30.59,-1.439,457.09,3.250,1
0.6218,1.44,-1.816,4011.88,2.492,1
0.8627,21.49,-1.899,326.52,0.781,1
0.5089,3.72,-1.106,117.08,0.478,0
0.6461,2.93,-1.156,4153.62,2.912,1
0.2356,36.87,-1.256,239.60,2.844,1
0.4350,14.36,-1.317,100.44,1.543,0
0.2671,10.72,-1.427,178.47,2.709,0
0.9026,6.77,-1.936,258.23,1.225,0
0.6919,14.55,-1.045,181.54,2.897,0
0.2730,23.09,-1.935,694.93,3.524,1
0.3537,34.59,-1.912,120.73,3.263,1
0.7544,9.21,-1.679,19123.32,1.056,1
0.2784,23.80,-1.674,125.55,1.896,0
0.1255,10.98,-1.084,173.87,3.184,0
0.7395,13.78,-1.461,134.15,1.179,0
0.3350,6.90,-1.482,155.61,0.033,0
0.6859,31.51,-1.649,108.27,1.247,1
0.2278,26.35,-1.517,322.93,1.544,1
0.3558,5.22,-1.611,371.91,1.759,0
0.0449,37.70,-1.190,578.60,2.473,1
0.6444,4.73,-1.080,115.96,3.357,0
0.9693,24.05,-1.741,124.99,0.641,0
0.6910,8.93,-1.264,187.61,3.081,0
0.2195,26.24,-1.259,288.90,3.748,1
0.5264,27.41,-1.303,252.77,0.620,1
0.4942,11.44,-1.982,417.63,1.150,0
0.9026,12.22,-1.475,298.94,4.445,0
0.6074,32.87,-1.507,644.30,1.307,1
0.3266,29.21,-1.121,252.28,2.964,1
0.0568,8.44,-1.611,132.43,2.879,0
0.1886,8.49,-1.521,130.40,0.243,0
0.8526,34.19,-1.757,3132.50,3.606,1
0.8249,12.61,-1.385,102.22,4.847,0
0.9842,5.42,-1.516,409.64,4.195,0
0.6370,4.20,-1.800,234.05,3.030,0
0.4042,27.01,-1.069,113.56,1.144,0
0.5386,41.61,-1.973,306.75,2.052,1
0.7794,15.45,-1.426,219.54,4.099,0
0.1506,19.78,-1.074,445.49,4.480,0
0.6633,8.33,-1.326,776.21,2.397,1
0.2809,32.83,-1.525,2809.43,0.157,1
0.2426,37.37,-1.555,147.22,1.568,1
0.3327,25.35,-1.112,172.53,2.290,0
0.7239,31.47,-1.364,178.20,1.932,1
0.7530,5.88,-1.818,197.19,0.063,0
0.4834,29.33,-1.139,1599.76,1.006,1
0.4090,9.74,-1.915,136.97,0.026,0
0.7618,5.69,-1.565,145.27,3.160,0
0.6221,14.53,-1.193,325.51,1.584,0
0.3500,40.49,-1.497,706.37,0.121,1
0.3611,35.76,-1.441,108.32,0.385,1
0.9841,8.17,-1.943,124.57,4.226,0
0.9605,29.54,-1.084,224.73,3.655,1
0.1116,41.71,-1.120,153.49,2.309,1
0.4525,26.77,-1.076,194.02,0.316,1
0.0639,34.41,-1.206,149.33,2.282,1
0.7575,7.58,-1.481,522.96,4.380,0
0.1974,2.37,-1.065,1808.53,4.686,1
0.2372,41.77,-1.994,260.51,3.979,1
0.1526,4.96,-1.027,6635.20,3.978,1
0.4507,15.26,-1.970,243.91,0.800,0
0.4131,19.71,-1.464,192.25,0.230,0
0.9605,21.35,-1.099,167.37,1.584,0
0.8894,3.72,-1.914,171.84,3.343,0
0.0738,1.94,-1.933,270.22,1.947,0
0.3406,3.40,-1.434,382.00,3.094,0
0.9836,19.82,-1.290,100.23,3.725,0
0.3079,2.74,-1.538,182.00,2.342,0
0.6658,16.79,-1.515,152.36,4.489,0
0.5552,21.72,-1.900,363.46,0.073,1
0.4939,9.39,-1.547,515.52,1.949,0
0.1768,40.35,-1.169,186.60,4.320,1
0.0466,17.23,-1.098,901.83,3.034,1
0.8895,3.68,-1.977,210.24,3.352,0
0.3004,10.32,-1.589,203.08,1.945,0
0.1076,40.86,-1.067,418.97,1.227,1
0.9273,8.70,-1.213,142.92,1.925,0
0.2180,11.69,-1.520,537.60,0.123,0
0.9534,14.60,-1.748,224.95,0.936,0
0.7098,0.23,-1.146,24784.52,1.977,1
0.5951,40.97,-1.157,121.59,2.215,1
0.1408,5.32,-1.225,138.76,3.404,0
0.7789,11.85,-1.196,3474.15,0.541,1
0.1836,21.86,-1.087,376.53,1.559,0
0.0872,15.53,-1.949,116.07,1.338,0
0.5042,24.81,-1.325,183.78,0.413,0
0.6710,34.98,-1.726,104.35,0.631,1
0.9994,38.61,-1.275,118.90,3.552,1
0.8549,31.38,-1.792,142.65,3.883,1
0.9111,9.53,-1.422,918.81,0.111,1
0.6483,31.28,-1.944,405.52,3.494,1
0.7353,35.07,-1.451,186.66,2.480,1
0.4036,2.90,-1.761,186.32,4.797,0
0.2470,4.41,-1.295,6702.42,0.161,1
0.2465,36.85,-1.018,104.51,0.896,1
0.7175,38.55,-1.873,273.75,2.090,1
0.2947,1.39,-1.155,183.00,1.284,0
0.7762,38.32,-1.743,173.71,0.379,1
0.7933,25.18,-1.950,10443.54,4.483,1
0.8393,32.92,-1.965,102.02,0.958,1
0.1927,35.24,-1.686,112.16,1.647,1
0.5456,26.13,-1.487,450.01,4.881,1
0.4929,32.29,-1.820,3100.88,2.350,1
0.8248,33.88,-1.045,181.19,3.014,1
0.3530,0.95,-1.598,1223.10,3.330,1
0.6754,39.31,-1.072,229.77,3.597,1
0.0303,24.90,-1.459,202.47,1.456,0
0.2441,14.72,-1.584,215.61,2.528,0
0.0565,39.53,-1.714,105.28,3.452,1
0.6141,40.00,-1.378,1912.10,0.483,1
0.1032,12.52,-1.673,126.60,2.055,0
0.7886,35.38,-1.746,156.77,0.773,1
0.0202,35.18,-1.536,280.33,3.205,1
0.5862,6.35,-1.908,115.20,0.774,0
0.8813,33.97,-1.351,194.24,1.222,1
0.6722,34.70,-1.518,443.41,0.138,1
0.7385,36.87,-1.598,366.74,2.576,1
0.2724,35.54,-1.434,240.13,2.878,1
0.9037,24.07,-1.622,111.76,3.085,0
0.5350,31.60,-1.697,144.71,0.693,1
0.0425,8.42,-1.587,1453.60,4.010,1
0.2275,29.55,-1.780,141.77,2.060,1
0.3333,11.00,-1.636,423.78,3.369,0
0.8964,33.91,-1.299,3916.14,4.322,1
0.9067,34.16,-1.038,144.86,2.768,1
0.6626,33.64,-1.646,217.40,2.888,1
0.8041,13.37,-1.565,341.85,0.438,0
0.0297,21.88,-1.545,106.12,2.341,0
0.6725,4.76,-1.866,113.30,2.954,0
0.9977,40.43,-1.267,816.23,0.546,1
0.3222,9.79,-1.013,152.52,4.087,0
0.1106,10.02,-1.593,234.84,4.171,0
0.4163,38.78,-1.506,126.13,1.400,1
0.0236,33.10,-1.494,219.15,2.476,1
0.8113,41.42,-1.228,160.69,1.971,1
0.6317,33.99,-1.465,107.16,2.034,1
0.1429,8.13,-1.084,1242.02,1.853,1
0.6055,36.66,-1.475,947.73,1.510,1
0.9279,12.82,-1.310,194.14,1.701,0
0.3658,41.43,-1.307,113.69,4.829,1
0.8510,39.48,-1.709,736.46,4.221,1
0.6044,8.76,-1.591,114.42,4.604,0
0.7166,11.28,-1.969,1068.91,4.305,1
0.6155,5.04,-1.095,128.42,3.318,0
0.2893,23.56,-1.830,794.64,2.921,1
0.0992,27.24,-1.586,124.47,2.510,0
0.5208,12.86,-1.395,191.36,1.993,0
0.0888,28.77,-1.276,180.13,3.487,1
0.3955,17.43,-1.471,270.85,4.758,0
0.0491,26.11,-1.975,281.48,0.240,1
0.3229,35.11,-1.364,290.47,4.880,1
0.5051,2.94,-1.489,1037.42,0.522,1
0.9971,17.54,-1.170,102.96,0.127,0
0.2531,41.54,-1.823,768.99,1.000,1
0.3465,25.88,-1.859,2583.07,2.611,1
0.9555,35.35,-1.586,1411.88,2.084,1
0.3387,19.69,-1.528,134.08,1.751,0
0.8359,2.18,-1.778,168.23,2.299,0
0.3218,16.33,-1.270,1945.53,2.625,1
0.1148,16.24,-1.503,248.24,1.740,0
0.3989,30.25,-1.458,515.25,2.616,1
0.5164,10.00,-1.952,437.81,2.364,0
0.2881,22.90,-1.569,162.15,2.155,0
0.6358,18.38,-1.311,176.91,1.213,0
0.7591,1.84,-1.507,139.61,4.244,0
0.6008,38.72,-1.760,282.50,2.562,1
0.1877,14.76,-1.816,320.16,0.902,0
0.4419,20.49,-1.775,3617.02,3.827,1
0.9977,24.53,-1.986,344.42,2.940,1
0.9828,7.00,-1.154,151.30,2.533,0
0.7933,31.07,-1.897,2349.05,0.735,1
0.1817,21.69,-1.221,128.12,0.926,0
0.1928,39.27,-1.103,176.08,0.212,1
0.4296,38.41,-1.939,931.70,3.850,1
0.6983,33.29,-1.516,1483.25,2.701,1
0.8045,31.96,-1.224,118.14,3.270,1
0.1428,13.36,-1.874,140.79,4.111,0
0.0876,12.65,-1.894,227.84,0.602,0
0.2055,34.61,-1.210,129.94,0.083,1
0.0771,20.80,-1.738,1210.39,0.439,1
0.3351,4.76,-1.206,317.82,0.855,0
0.4491,13.15,-1.283,2183.64,0.989,1
0.9473,16.87,-1.466,1210.45,4.244,1
0.8707,38.01,-1.735,261.02,3.017,1
0.5320,9.70,-1.320,214.33,0.730,0
0.9890,41.00,-1.137,393.15,3.097,1
0.9867,30.82,-1.943,112.14,2.519,1
0.2191,7.90,-1.199,167.90,4.932,0
0.0760,4.84,-1.500,339.89,3.932,0
0.3006,26.04,-1.214,227.98,0.362,1
0.9627,25.48,-1.311,381.29,4.463,1
0.4719,39.70,-1.445,1215.88,1.630,1
0.6685,25.49,-1.105,251.39,0.692,1
0.8408,22.42,-1.003,189.52,2.806,0
0.5704,18.83,-1.324,1971.60,4.363,1
0.3500,32.83,-1.214,114.26,3.939,1
0.4217,21.62,-1.787,553.14,0.778,1
0.3259,21.40,-1.393,171.20,4.061,0
0.2918,6.77,-1.436,321.38,4.036,0
0.3462,33.15,-1.801,124.56,2.335,1
0.4466,20.68,-1.996,238.69,0.218,0
0.4134,14.71,-1.736,745.29,1.335,1
0.8335,3.39,-1.579,108.66,0.577,0
0.7103,10.35,-1.647,125.39,2.040,0
0.1007,31.46,-1.058,270.96,2.860,1
0.5502,17.10,-1.014,119.05,0.950,0
0.1682,33.06,-1.580,6412.41,3.914,1
0.2056,18.13,-1.302,120.00,0.849,0
0.2916,7.99,-1.419,293.04,1.236,0
0.7710,25.63,-1.577,108.32,0.805,0
0.4241,22.23,-1.199,609.62,3.729,1
0.9316,39.00,-1.544,169.89,3.826,1
0.9077,34.32,-1.059,106.67,0.029,1
0.7922,10.66,-1.604,211.94,3.152,0
0.1240,29.45,-1.830,150.85,4.549,1
0.7715,7.40,-1.607,102.06,2.045,0
0.5320,25.42,-1.553,1076.52,1.335,1
0.9600,0.39,-1.909,254.73,1.334,0
0.4352,6.36,-1.576,11057.03,1.589,1
0.4386,12.77,-1.018,585.01,1.367,1
0.0839,26.07,-1.878,154.46,3.819,0
0.4842,10.59,-1.033,325.78,2.764,0
0.1587,4.63,-1.675,270.96,3.241,0
0.6742,20.38,-1.410,189.70,1.834,0
0.9269,35.12,-1.718,236.26,2.822,1
0.9186,33.88,-1.768,759.00,2.232,1
0.1611,6.79,-1.097,120.17,3.911,0
0.8808,5.83,-1.908,396.72,3.649,0
0.2865,40.63,-1.805,145.95,0.442,1
0.0332,27.12,-1.240,230.96,4.816,1
0.8304,0.24,-1.592,299.64,3.320,0
0.3588,13.42,-1.256,805.15,1.843,1
0.5263,27.56,-1.713,236.83,3.625,1
0.0614,38.08,-1.582,111.40,1.055,1
0.9259,30.18,-1.513,249.10,0.237,1
0.3630,22.63,-1.737,120.22,3.709,0
0.9464,21.19,-1.478,961.07,4.350,1
0.8074,35.01,-1.890,233.25,3.777,1
0.8811,35.28,-1.347,341.81,0.083,1
0.3940,3.58,-1.226,111.82,0.746,0
0.2897,32.80,-1.465,228.91,4.045,1
0.2485,37.51,-1.745,229.65,0.941,1
0.2213,37.73,-1.163,149.48,1.775,1
0.4931,26.54,-1.283,1869.23,0.432,1
0.0659,4.45,-1.081,575.63,4.495,0
0.0771,15.49,-1.950,115.47,2.132,0
0.2592,38.44,-1.963,145.80,4.692,1
0.8278,22.98,-1.146,311.41,2.337,1
0.1383,2.70,-1.149,460.45,4.617,0
0.0954,8.12,-1.377,245.01,2.879,0
0.6432,0.89,-1.368,387.27,1.670,0
0.5183,36.42,-1.781,173.98,3.243,1
0.7570,19.98,-1.108,1072.25,1.660,1
0.4942,27.03,-1.909,1420.46,0.819,1
0.6542,23.95,-1.066,318.67,3.464,1
0.4838,13.57,-1.737,140.60,1.703,0
0.3667,0.78,-1.655,267.60,1.572,0
0.8296,33.44,-1.372,2068.35,0.818,1
0.3640,1.24,-1.077,2431.75,4.244,1
0.0686,7.20,-1.571,113.07,4.156,0
0.0710,41.83,-1.935,128.94,1.500,1
0.9416,13.05,-1.127,263.48,2.560,0
0.9047,20.72,-1.041,201.33,1.258,0
0.3437,34.66,-1.889,352.38,2.086,1
0.5907,12.78,-1.037,209.27,2.672,0
0.1533,8.49,-1.606,253.15,3.794,0
0.1302,36.99,-1.592,222.31,0.005,1
0.2766,18.94,-1.721,416.15,2.915,0
0.9203,3.41,-1.248,151.57,4.164,0
0.8343,31.17,-1.538,258.43,0.372,1
0.8947,31.29,-1.205,8978.21,3.880,1
0.4095,31.78,-1.961,531.37,1.291,1
0.6557,3.39,-1.337,257.62,2.406,0
0.8160,22.25,-1.888,436.69,0.460,1
0.0230,6.71,-1.929,240.02,4.509,0
0.2939,7.39,-1.923,647.57,2.183,0
0.1429,23.67,-1.044,131.75,2.627,0
0.2049,3.22,-1.701,109.91,4.795,0
0.8001,13.56,-1.954,312.04,0.721,0
0.6918,22.27,-1.785,121908.84,2.718,1
0.1824,15.42,-1.914,157.80,1.804,0
0.8580,40.01,-1.026,1423.93,2.702,1
0.4699,15.38,-1.166,1143.81,0.371,1
0.4734,1.53,-1.707,166.30,1.020,0
0.0104,36.79,-1.761,249.90,3.122,1
0.1546,27.55,-1.903,149.41,4.614,0
0.8002,14.74,-1.568,114.99,0.048,0
0.2156,9.35,-1.786,199.56,2.399,0
0.6754,33.73,-1.170,106.71,4.383,1
0.7277,37.67,-1.108,117.62,1.238,1
0.2456,24.68,-1.825,142.27,3.020,0
0.7367,38.20,-1.760,266.80,1.113,1
0.7310,2.26,-1.765,275.58,2.280,0
0.5029,37.80,-1.829,108.63,2.126,1
0.6160,9.40,-1.133,215.59,0.659,0
0.1918,38.85,-1.388,128.51,4.599,1
0.3703,19.25,-1.312,478.78,0.965,1
0.7334,28.23,-1.852,816.38,2.360,1
0.4516,21.48,-1.135,342.41,1.978,0
0.8965,26.17,-1.901,371.10,1.474,1
0.7474,34.58,-1.221,266.64,1.881,1
0.7169,38.78,-1.997,191.35,0.218,1
0.4893,12.14,-1.782,191217.64,4.821,1
0.7458,25.42,-1.625,103.27,4.865,0
0.2449,24.43,-1.524,167.94,2.384,0
0.5335,19.33,-1.633,108.04,1.240,0
0.7113,41.40,-1.729,1380.27,0.765,1
0.9537,10.78,-1.997,8128.39,3.597,1
0.8805,12.55,-1.111,583.68,3.323,1
0.4527,18.64,-1.963,542.80,4.805,1
0.4665,37.80,-1.192,1347.33,3.708,1
0.8496,35.49,-1.629,570.27,0.584,1
0.8711,18.31,-1.702,242.23,0.319,0
0.6246,35.34,-1.538,151.51,3.446,1
0.0696,24.52,-1.123,142.43,4.723,0
0.6380,40.62,-1.866,828.87,0.277,1
0.6202,2.33,-1.905,174.77,0.208,0
0.2913,32.83,-1.009,114.14,2.407,1
0.0985,38.64,-1.047,446.81,2.754,1
0.3516,2.65,-1.397,268.78,0.439,0
0.0321,25.85,-1.627,2104.24,2.777,1
0.0333,11.83,-1.568,168.37,2.590,0
0.3350,37.00,-1.026,128.71,2.333,1
0.7122,24.24,-1.964,894.53,2.579,1
0.1139,25.15,-1.142,344.70,3.652,1
0.5007,0.06,-1.808,154.81,3.908,0
0.9225,0.46,-1.913,118.81,0.641,0
0.2476,3.80,-1.028,296.89,0.321,0
0.2819,20.37,-1.219,635.15,1.968,1
0.6686,10.71,-1.815,116.22,3.259,0
0.8533,16.84,-1.330,456.52,1.842,1
0.8099,17.44,-1.395,135.07,0.667,0
0.6527,21.00,-1.955,237.89,1.224,0
0.9054,21.02,-1.287,307.00,1.762,1
0.3364,12.05,-1.727,7009.68,1.835,1
0.5894,8.84,-1.332,108.28,4.568,0
0.8719,26.90,-1.253,132.58,3.573,1
0.0425,39.14,-1.258,1685.88,4.647,1
0.9499,18.31,-1.327,222.40,1.265,0
0.8248,6.09,-1.531,529.29,0.482,1
0.7076,30.10,-1.269,121.50,1.614,1
0.1976,24.67,-1.670,115.04,4.213,0
0.7317,7.06,-1.839,122.87,3.877,0
0.6733,1.01,-1.475,460.74,2.630,0
0.7210,22.35,-1.683,100.06,2.670,0
0.3159,25.35,-1.491,120.87,1.543,0
0.5299,8.48,-1.509,203.42,1.080,0
0.1230,24.01,-1.299,257.54,4.467,0
0.8148,36.49,-1.210,117.12,3.435,1
0.2690,36.11,-1.440,324.72,1.280,1
0.9951,21.49,-1.317,123.35,1.877,0
0.4053,31.87,-1.103,267.41,2.487,1
0.3545,27.21,-1.451,125.63,2.813,0
0.8759,11.40,-1.530,101.07,0.584,0
0.5742,1.33,-1.993,252.44,0.182,0
0.0967,28.02,-1.919,112.09,0.842,0
0.8623,20.48,-1.981,667.66,2.772,1
0.3986,17.86,-1.685,177.40,3.572,0
0.7457,15.05,-1.967,121.24,3.880,0
0.9859,36.90,-1.078,498.16,3.445,1
0.9880,37.68,-1.419,196.69,1.019,1
0.9030,3.21,-1.516,646.72,0.941,1
0.5191,23.77,-1.422,156.77,1.909,0
0.8287,12.43,-1.634,101.74,2.122,0
0.5778,21.44,-1.201,233.67,0.359,0
0.3752,11.37,-1.075,164.94,1.193,0
0.9177,36.51,-1.246,531.08,2.069,1
0.3092,4.77,-1.777,130.09,2.135,0
0.1820,3.96,-1.822,255.47,2.672,0
0.6335,20.84,-1.951,114.91,4.841,0
0.7590,6.26,-1.898,267.92,3.211,0
0.8877,16.24,-1.731,107.06,4.876,0
0.2686,22.60,-1.493,198.54,0.523,0
0.8897,13.81,-1.439,143.95,1.292,0
0.5543,12.29,-1.052,2782.70,0.981,1
0.7220,11.29,-1.597,161.97,1.825,0
0.7430,28.68,-1.360,178.08,1.595,1
0.2758,20.21,-1.803,143.48,4.583,0
0.7593,37.12,-1.279,141.61,1.278,1
0.5243,22.40,-1.889,165.33,3.928,0
0.1150,26.26,-1.816,101.52,0.255,0
0.7767,1.80,-1.674,145.05,4.034,0
0.9244,1.52,-1.048,253.34,0.186,0
0.0360,17.97,-1.098,288.16,1.387,0
0.7962,4.10,-1.834,168.96,1.788,0
0.7863,40.29,-1.595,122.22,3.967,1
0.5183,2.31,-1.918,280.69,3.187,0
0.7861,11.17,-1.660,126.13,0.492,0
0.5669,26.16,-1.805,284.68,3.059,1
0.9394,20.15,-1.474,148.09,3.020,0
0.3267,7.60,-1.014,1091.61,0.109,1
0.9384,17.32,-1.946,153.75,1.525,0
0.2065,17.02,-1.950,1589.23,3.599,1
0.9631,16.17,-1.321,2085.34,3.292,1
0.3664,36.93,-1.655,267.68,0.395,1
0.3222,20.09,-1.608,4841.60,4.950,1
0.6459,14.45,-1.137,269.11,3.441,0
0.0381,12.39,-1.100,261.99,2.463,0
0.1939,0.69,-1.385,133.53,0.960,0
0.1958,25.78,-1.581,1166.22,2.096,1
0.7738,5.19,-1.684,153.48,3.315,0
0.5633,10.74,-1.822,286.68,3.328,0
0.3410,32.97,-1.653,125.87,1.137,1
0.8968,31.63,-1.413,146.53,1.248,1
0.2017,2.97,-1.681,1391.34,4.176,1
0.2764,4.07,-1.176,714.12,4.628,0
0.3598,18.14,-1.953,258.41,0.926,0
0.2943,23.38,-1.266,711.50,0.643,1
0.8771,15.06,-1.339,169.66,1.447,0
0.4018,32.53,-1.936,444.30,4.931,1
0.6246,28.64,-1.389,260.78,0.046,1
0.8808,23.87,-1.978,137.85,1.140,0
0.4255,7.18,-1.940,141.67,4.724,0
0.8642,0.48,-1.247,273.77,2.342,0
0.6033,10.14,-1.422,247.78,1.111,0
0.4126,34.05,-1.948,257.95,3.460,1
0.4936,27.61,-1.196,174.29,1.193,1
0.6390,3.44,-1.571,165.87,2.205,0
0.7855,39.01,-1.878,116.95,0.563,1
0.2419,26.45,-1.329,341.12,2.741,1
0.1703,35.60,-1.052,228.18,0.435,1
0.9933,21.10,-1.560,124.87,2.604,0
0.8331,32.75,-1.261,105.30,0.876,1
0.8708,4.73,-1.084,127.50,1.824,0
0.7704,9.27,-1.367,216.41,4.847,0
0.7124,30.89,-1.523,1622.79,3.373,1
0.8086,39.90,-1.961,453.09,1.953,1
0.8007,34.03,-1.856,18730.81,4.130,1
0.8782,12.08,-1.362,143.59,3.412,0
0.4036,31.11,-1.328,6825.30,3.566,1
0.5240,14.57,-1.064,103.00,3.542,0
0.4504,34.05,-1.372,241.25,2.197,1
0.5710,15.43,-1.273,300.59,2.150,0
0.6221,15.17,-1.662,188.90,4.767,0
0.1552,30.12,-1.222,645.29,3.995,1
0.7755,18.53,-1.188,124.85,3.946,0
0.1669,30.64,-1.324,251.20,2.165,1
0.8755,3.41,-1.429,113.02,3.450,0
0.2716,14.11,-1.354,230.21,3.647,0
0.2296,41.88,-1.029,441.71,0.538,1
0.6764,16.73,-1.847,134.50,0.843,0
0.5249,27.38,-1.838,124.10,4.598,0
0.3389,22.86,-1.857,190.30,3.659,0
0.8822,39.45,-1.743,192.51,2.236,1
0.3755,9.34,-1.242,195.49,3.433,0
0.2282,18.53,-1.291,1586.44,1.148,1
0.5751,5.24,-1.543,195.68,3.185,0
0.8285,39.48,-1.055,177.21,2.042,1
0.5633,10.65,-1.383,369.16,0.917,0
0.8446,5.93,-1.611,190.23,4.417,0
0.7575,38.16,-1.585,207.67,4.338,1
0.5110,0.37,-1.736,154.61,0.994,0
0.6199,3.83,-1.121,152.43,0.813,0
0.6567,26.72,-1.430,152.84,4.580,0
0.2147,2.77,-1.492,136.76,0.536,0
0.2092,28.54,-1.639,182.77,3.919,1
0.9370,25.46,-1.637,151.38,0.330,0
0.3565,17.84,-1.654,234.35,2.422,0
0.7680,10.62,-1.402,134.17,4.456,0
0.7479,38.20,-1.217,110.95,0.138,1
0.1593,16.07,-1.626,143.07,1.050,0
0.4894,40.76,-1.880,166.45,4.058,1
0.8339,6.38,-1.863,259.65,2.015,0
0.4245,37.77,-1.629,168.51,0.060,1
0.4444,12.06,-1.590,578.61,1.171,0
0.9517,31.87,-1.455,2906.35,4.028,1
0.2434,40.99,-1.776,102865.02,3.505,1
0.2621,22.00,-1.392,170.78,0.888,0
0.1248,33.89,-1.929,179.59,0.152,1
0.6992,26.70,-1.491,196.59,4.223,1
0.5928,8.16,-1.224,145.62,2.234,0
0.9600,18.42,-1.733,155.26,2.674,0
0.2424,7.92,-1.002,104.87,1.550,0
0.0391,8.80,-1.648,783.95,1.356,0
0.0994,2.84,-1.586,190.37,4.845,0
0.3272,9.10,-1.308,113.65,4.760,0
0.9092,39.86,-1.937,152.15,2.673,1
0.7484,30.14,-1.829,110.40,4.315,1
0.0032,24.91,-1.600,212.76,0.725,0
0.5655,2.46,-1.873,113.23,2.271,0
0.3485,1.51,-1.631,194.55,4.700,0
0.7924,32.63,-1.095,167.31,4.550,1
0.5299,4.06,-1.891,219.63,0.824,0
0.4969,30.37,-1.666,198.45,2.669,1
0.7713,32.12,-1.173,130.05,3.824,1
0.6009,36.08,-1.149,593.27,2.829,1
0.3106,1.37,-1.919,227.94,3.510,0
0.7172,13.59,-1.855,12093.51,3.555,1
0.9478,28.44,-1.780,153.76,3.052,1
0.6980,7.35,-1.567,176.79,4.089,0
0.9383,21.37,-1.359,297.03,2.029,1
0.7045,23.22,-1.323,237.96,4.837,0
0.4536,26.66,-1.321,637.41,0.267,1
0.9835,37.12,-1.692,164.94,3.833,1
0.0355,28.64,-1.555,421.36,4.554,1
0.1086,29.93,-1.270,285.30,1.100,1
0.0841,32.79,-1.532,259.15,1.290,1
0.1118,7.88,-1.639,115.17,4.496,0
0.8045,18.49,-1.911,117.97,3.748,0
0.8052,27.26,-1.769,196.66,3.511,1
0.8646,20.75,-1.198,371.56,1.737,1
0.2275,39.14,-1.259,226.43,3.483,1
0.5375,30.89,-1.916,115.71,3.311,1
0.8122,13.63,-1.304,253.04,4.900,0
0.4091,3.70,-1.828,130.36,3.630,0
0.7816,32.76,-1.139,357.69,1.107,1
0.9746,21.17,-1.921,118.53,3.947,0
0.8313,12.30,-1.622,260.93,1.676,0
0.1270,33.88,-1.655,242.07,1.862,1
0.2733,37.91,-1.815,148.17,1.524,1
0.7151,15.73,-1.771,511.34,0.780,1
0.0080,33.14,-1.869,198.38,2.132,1
0.9168,25.91,-1.268,167.60,1.837,1
0.5424,16.32,-1.271,1286.42,2.814,1
0.1117,10.88,-1.040,863.86,3.334,1
0.4796,20.48,-1.931,127.71,2.271,0
0.5418,17.07,-1.682,782.77,2.811,1
0.6706,10.98,-1.594,1412.19,3.814,1
0.2053,20.18,-1.776,156.15,2.778,0
0.4224,10.40,-1.222,112.37,2.741,0
0.8381,19.13,-1.269,230.33,1.730,0
0.6412,2.92,-1.257,121.43,4.933,0
0.2974,13.20,-1.473,196.53,4.333,0
0.6006,13.17,-1.842,486.39,3.607,0
0.2702,19.77,-1.721,478.70,4.655,1
0.6546,21.37,-1.936,132.32,3.148,0
0.6957,28.68,-1.390,511.97,0.374,1
0.8721,21.72,-1.990,694.57,2.693,1
0.1219,1.98,-1.971,223.32,2.175,0
0.3982,17.88,-1.116,216.71,2.626,0
0.0206,11.73,-1.270,340.71,2.014,0
0.7091,41.66,-1.906,139.80,2.969,1
0.7825,6.31,-1.951,168.11,1.564,0
0.6319,36.19,-1.833,608.74,1.922,1
0.2124,24.17,-1.134,238.45,3.658,0
0.5589,33.58,-1.273,115.31,4.978,1
0.1777,4.45,-1.028,105.48,1.831,0
0.1625,20.69,-1.918,923.59,1.503,1
0.0424,0.61,-1.970,106.83,1.323,0
0.7852,27.05,-1.073,1013.38,1.625,1
0.3763,26.05,-1.055,175.75,3.216,0
0.6571,39.88,-1.929,309.99,1.426,1
0.4967,7.55,-1.885,1020.85,1.311,1
0.0075,23.18,-1.239,484.34,4.742,1
0.8068,23.54,-1.170,145.71,0.136,0
0.7679,0.32,-1.635,708.36,3.359,1
0.8762,37.47,-1.671,151.22,1.154,1
0.8865,41.44,-1.186,126.03,0.714,1
0.3138,24.25,-1.731,101.32,1.058,0
0.7326,24.17,-1.431,141.32,3.793,0
0.8354,41.60,-1.667,162.42,4.639,1
0.7931,15.86,-1.380,289.32,1.113,0
0.4961,7.10,-1.166,401.22,0.303,0
0.9471,30.94,-1.431,222.38,1.165,1
0.8702,0.90,-1.336,220.91,2.091,0
0.3392,18.86,-1.478,374.09,3.727,0
0.3798,18.78,-1.961,206.30,0.286,0
0.0134,35.33,-1.183,589.11,3.897,1
0.9552,7.68,-1.129,325.25,1.043,0
0.4522,2.34,-1.352,394.93,4.585,0
0.5025,29.43,-1.588,753.33,3.323,1
0.4100,33.09,-1.012,103.73,3.748,1
0.1312,27.15,-1.925,260.26,0.891,1
0.5292,19.05,-1.411,129.55,2.575,0
0.9102,34.64,-1.800,114.28,4.680,1
0.2491,8.02,-1.876,152.00,4.728,0
0.8478,34.27,-1.657,325.23,3.088,1
0.2209,2.82,-1.051,422.43,0.062,0
0.4011,34.75,-1.500,307.29,3.227,1
0.5450,3.50,-1.375,121.40,1.812,0
0.7777,7.33,-1.670,233.04,1.012,0
0.5624,35.42,-1.864,154.34,0.436,1
0.5921,38.52,-1.189,527.90,2.674,1
0.0449,7.14,-1.116,136.12,1.038,0
0.6359,4.73,-1.832,150.24,0.634,0
0.4966,9.91,-1.368,953.20,1.895,1
0.0253,5.13,-1.968,206.05,0.115,0
0.9480,17.59,-1.071,125.15,3.212,0
0.2609,22.73,-1.572,720.92,4.762,1
0.3128,29.42,-1.479,164.75,0.886,1
0.5877,0.30,-1.068,1381.29,4.280,1
0.7743,39.99,-1.842,832.88,2.278,1
0.8456,6.19,-1.666,133.20,4.704,0
0.1655,14.50,-1.768,101.18,3.525,0
0.9731,33.80,-1.021,2440.56,3.702,1
0.2382,32.93,-1.834,120.61,1.639,1
0.7411,36.43,-1.930,119.41,3.878,1
0.6288,1.62,-1.709,150.09,4.015,0
0.7797,8.72,-1.785,206.23,4.758,0
0.2238,39.35,-1.325,132.88,2.134,1
0.6975,22.13,-1.829,475.09,3.049,1
0.1930,35.36,-1.621,836.47,0.562,1
0.1066,5.67,-1.453,125.12,1.389,0
0.8667,36.64,-1.189,126.56,4.125,1
0.7592,26.05,-1.504,439.79,1.613,1
0.7180,4.68,-1.852,151.14,1.501,0
0.1927,1.09,-1.574,108.18,2.150,0
0.3045,40.48,-1.714,953.91,3.171,1
0.2798,37.53,-1.811,14338.91,3.575,1
0.1187,41.75,-1.957,814.46,2.424,1
0.7187,24.85,-1.604,112.13,1.111,0
0.8747,40.04,-1.380,116.79,4.036,1
0.6903,30.61,-1.598,182.61,0.633,1
0.9774,13.56,-1.127,194.29,3.883,0
0.8881,21.39,-1.610,161.70,2.070,0
0.4098,39.85,-1.878,134.54,1.397,1
0.7166,13.92,-1.720,335.42,3.109,0
0.3534,4.87,-1.052,162.56,3.848,0
0.2945,9.97,-1.003,702.24,0.464,1
0.8095,22.40,-1.735,1496.33,2.450,1
0.7177,15.40,-1.179,146.56,2.298,0
0.7917,41.13,-1.566,147.01,4.480,1
0.8854,41.52,-1.899,251.09,4.356,1
0.2526,41.62,-1.011,270.88,1.755,1
0.6959,0.57,-1.156,543.51,0.152,0
0.4200,30.15,-1.027,591.53,3.910,1
0.0427,38.23,-1.512,536.23,4.868,1
0.2535,20.32,-1.325,103.75,2.099,0
0.3167,14.94,-1.820,115.93,4.150,0
0.0669,15.57,-1.290,222.75,0.706,0
0.9099,29.02,-1.023,474.65,2.494,1
0.2641,10.57,-1.236,120.50,1.850,0
0.9680,27.92,-1.376,170.18,1.606,1
0.5352,29.56,-1.359,106.71,1.365,1
0.6223,5.77,-1.357,107.95,3.770,0
0.6758,23.46,-1.507,243.03,4.260,0
0.4857,16.72,-1.068,116.77,3.657,0
0.5201,38.64,-1.435,3094.36,4.725,1
0.0174,31.20,-1.495,211.09,2.913,1
0.8861,6.48,-1.191,119.27,2.438,0
0.6809,28.45,-1.690,126.56,4.628,1
0.1744,40.71,-1.991,203.99,1.433,1
0.7406,38.52,-1.186,656.45,0.136,1
0.5602,20.12,-1.732,103.90,0.281,0
0.2120,25.04,-1.538,126.40,2.546,0
0.9937,16.25,-1.797,165.47,1.695,0
0.3972,13.76,-1.237,136.16,2.552,0
0.3381,29.83,-1.318,256.68,4.455,1
0.6627,40.34,-1.785,256.86,1.075,1
0.5159,0.91,-1.454,149.29,0.364,0
0.5488,31.98,-1.035,241.89,4.742,1
0.0199,0.43,-1.692,260.68,0.636,0
0.9131,40.44,-1.834,30768.84,2.284,1
0.3156,15.50,-1.962,137.64,0.055,0
0.9040,1.01,-1.441,298.65,4.313,0
0.6923,0.72,-1.347,902.39,3.636,1
0.0170,35.82,-1.432,142.53,3.229,1
0.9082,20.21,-1.152,198.10,0.381,0
0.0102,27.08,-1.841,213.55,3.016,0
0.3534,29.69,-1.692,489.01,0.668,1
0.8389,37.13,-1.091,178.71,2.524,1
0.4726,24.41,-1.492,120.21,4.587,0
0.1190,24.80,-1.836,2276.12,1.291,1
0.3381,9.75,-1.196,2739.73,4.997,1
0.6426,28.78,-1.771,114.09,0.727,1
0.7551,24.29,-1.759,202.63,3.850,0
0.6671,31.64,-1.890,111.17,3.430,1
0.2502,10.65,-1.831,249.02,3.445,0
0.6751,30.97,-1.740,289.85,0.581,1
0.1178,27.73,-1.437,144.22,4.222,0
0.9916,30.04,-1.103,116.00,1.895,1
0.1678,23.98,-1.279,183.99,0.721,0
0.5421,34.40,-1.126,410.89,4.916,1
0.4632,0.33,-1.367,124.54,1.782,0
0.4825,7.56,-1.340,138.35,2.708,0
0.6024,24.03,-1.357,171.77,1.376,0
0.8349,5.21,-1.801,116.15,1.260,0
0.6817,19.95,-1.231,1876.41,2.817,1
0.3626,21.15,-1.968,219.68,4.263,0
0.0661,5.64,-1.933,229.11,1.229,0
0.0321,10.53,-1.051,151.48,3.043,0
0.3459,31.82,-1.819,542.22,2.999,1
0.6823,40.26,-1.694,1375.78,4.337,1
0.1295,5.40,-1.299,356.10,4.496,0
0.1784,17.79,-1.787,776.42,2.592,1
0.6060,7.82,-1.751,119.31,2.366,0
0.9186,30.28,-1.225,108.03,4.566,1
0.5349,25.65,-1.468,237.44,0.477,1
0.2178,4.38,-1.047,113.25,0.997,0
0.6293,32.34,-1.390,152.17,1.579,1
0.7727,3.45,-1.875,335.70,3.151,0
0.2745,4.54,-1.235,431.75,4.593,0
0.1469,26.30,-1.041,291.13,4.314,1
0.4697,22.71,-1.100,157.16,4.384,0
0.3799,2.52,-1.700,114.02,0.114,0
0.5360,6.60,-1.052,220.26,2.760,0
0.3470,25.36,-1.162,440.16,4.529,1
0.9537,23.29,-1.737,383.33,1.408,1
0.1605,16.81,-1.276,2117.37,4.979,1
0.0757,16.33,-1.795,137.07,0.574,0
0.5506,27.23,-1.083,583.80,2.127,1
0.0269,5.91,-1.390,275.54,1.416,0
0.9716,40.07,-1.929,102.11,4.368,1
0.8832,0.40,-1.424,141.58,4.556,0
0.9041,14.73,-1.414,2630.61,0.147,1
0.0153,4.60,-1.781,233.98,2.963,0
0.0502,22.65,-1.931,559.34,1.625,1
0.9745,20.52,-1.256,224.90,1.736,0
0.4988,24.94,-1.283,119.55,2.088,0
0.4269,28.28,-1.579,346.29,1.912,1
0.4784,29.54,-1.042,202.97,2.256,1
0.7660,26.09,-1.150,762.48,1.204,1
0.5604,41.62,-1.736,134.80,3.129,1
0.2436,32.40,-1.942,129.39,3.645,1
0.5454,10.11,-1.692,174.19,2.665,0
0.7637,38.21,-1.344,331.92,1.854,1
0.2101,27.78,-1.945,255.40,0.668,1
0.1341,14.43,-1.145,116.51,2.929,0
0.4358,39.33,-1.139,219.75,0.397,1
0.2371,16.13,-1.927,114.72,4.440,0
0.3413,25.40,-1.905,201.45,1.340,0
0.6575,35.70,-1.896,277.26,4.281,1
0.1284,32.00,-1.045,527.77,1.837,1
0.1342,23.49,-1.083,348.21,3.241,0
0.6905,27.72,-1.621,122.70,2.311,1
0.3196,41.70,-1.158,102.79,1.392,1
0.2558,28.27,-1.143,202.99,3.148,1
0.7459,9.59,-1.138,100.15,3.083,0
0.6255,16.74,-1.631,140.79,4.801,0
0.2962,7.06,-1.770,135.77,0.629,0
0.9458,9.77,-1.952,107.92,2.004,0
0.5279,7.07,-1.311,328.72,1.194,0
0.5194,14.15,-1.226,120.17,2.560,0
0.7419,27.18,-1.012,150.44,0.873,1
0.3402,21.51,-1.919,218.09,1.562,0
0.0492,27.57,-1.656,317.63,0.407,1
0.8387,22.39,-1.781,105.20,2.193,0
0.8677,36.29,-1.445,350.15,5.000,1
0.5740,4.84,-1.862,649.33,3.970,1
0.2524,37.30,-1.204,235.32,0.486,1
0.2292,40.99,-1.285,165.98,1.058,1
0.3877,20.13,-1.902,295.61,2.127,0
0.4806,29.84,-1.149,279.48,3.670,1
0.0818,0.35,-1.626,458.77,2.978,0
0.9552,7.12,-1.418,11385.87,1.748,1
0.5116,3.05,-1.379,140.17,4.318,0
0.1920,6.63,-1.774,103.93,0.629,0
0.0654,20.55,-1.928,594.85,1.808,1
0.0196,40.89,-1.379,149.55,4.994,1
0.3916,17.84,-1.792,32050.20,1.847,1
0.0971,7.31,-1.233,376.84,0.697,0
0.6194,0.45,-1.696,117.03,2.000,0
0.1708,2.69,-1.112,692.98,0.212,0
0.8183,14.65,-1.131,142.68,2.249,0
0.3359,20.61,-1.981,206.82,4.213,0
0.6863,35.10,-1.268,152.43,2.336,1
0.7925,14.66,-1.624,123.16,4.814,0
0.0049,39.51,-1.463,568.96,0.360,1
0.1158,26.50,-1.233,516.10,0.094,1
0.8147,38.23,-1.941,1719.27,4.443,1
0.3598,12.40,-1.725,129.07,4.817,0
0.5014,39.69,-1.483,2957.61,4.217,1
0.6619,31.72,-1.898,116.30,0.648,1
0.9402,23.71,-1.831,130.25,0.814,0
0.7474,16.65,-1.745,141.36,0.263,0
0.6317,26.98,-1.893,266.42,0.248,1
0.5360,21.19,-1.615,845.98,2.521,1
0.9397,31.18,-1.443,123.60,2.503,1
0.1801,40.11,-1.610,749.96,4.463,1
0.3661,12.91,-1.857,131.79,0.421,0
0.3934,17.40,-1.093,145.13,1.255,0
0.4937,6.07,-1.197,153.71,3.825,0
0.0243,39.22,-1.078,190.35,1.064,1
0.2036,34.10,-1.045,256.95,4.098,1
0.9879,10.83,-1.294,162.45,1.154,0
0.9160,22.52,-1.283,497.38,1.165,1
0.9399,37.14,-1.936,151.14,2.549,1
0.4694,16.88,-1.411,606.83,3.200,1
0.3768,26.71,-1.426,3000.81,3.318,1
0.3877,31.03,-1.107,490.86,1.164,1
0.1338,36.12,-1.576,114.77,2.816,1
0.4110,0.43,-1.830,136.26,0.876,0
0.8322,9.59,-1.267,121.29,2.945,0
0.4649,21.18,-1.389,635.52,4.914,1
0.5871,33.05,-1.570,629.14,0.136,1
0.6151,30.99,-1.014,155.56,1.337,1
0.9242,16.57,-1.914,312.17,2.260,0
0.8252,23.07,-1.550,251.66,4.458,1
0.1615,40.79,-1.628,140.62,4.918,1
0.5616,12.01,-1.812,101.22,1.626,0
0.6007,9.25,-1.817,146.30,2.716,0
0.9591,21.94,-1.517,262.30,0.878,1
0.4382,12.80,-1.742,104.58,4.398,0
0.5804,8.21,-1.991,138.32,0.152,0
0.8660,28.88,-1.721,138.84,4.437,1
0.9207,23.80,-1.358,185.19,4.456,0
0.9851,10.52,-1.287,573.98,3.586,1
0.0849,30.15,-1.923,108.55,1.482,1
0.8306,15.93,-1.070,152.70,2.221,0
0.3091,18.70,-1.295,355.86,1.929,0
0.5070,37.03,-1.410,157.50,3.534,1
0.7162,1.22,-1.333,118.99,2.488,0
0.4917,0.32,-1.409,120.48,0.808,0
0.3682,37.98,-1.653,116.59,3.648,1
0.9936,3.37,-1.220,263.00,4.279,0
0.9530,11.64,-1.254,167.14,1.211,0
0.5925,4.74,-1.410,256.63,2.539,0
0.4653,2.64,-1.104,116.69,4.540,0
0.5473,21.21,-1.054,1659.79,0.604,1
0.8174,27.32,-1.758,158.35,1.926,1
0.3022,19.61,-1.333,133.89,2.966,0
0.2356,5.82,-1.270,100.13,2.116,0
0.0454,3.82,-1.440,146.29,4.110,0
0.5359,10.56,-1.697,113.77,2.754,0
0.2623,3.38,-1.011,2325.58,4.449,1
0.3678,31.31,-1.249,126.72,2.427,1
0.1742,27.24,-1.325,133.71,4.960,0
0.4065,2.68,-1.824,123.54,0.835,0
0.7520,9.28,-1.813,115.75,4.314,0
0.3411,14.01,-1.990,306.70,0.782,0
0.6544,25.17,-1.682,102.02,1.039,0
0.6624,30.08,-1.995,100.50,4.500,1